slope_pct,raw_speed_kmh,current_speed_kmh,walk_bike_speed_kmh,hybrid_routing_speed_kmh
-40,-136.554,0,1.22478,0.25
-39.98,-136.518,0,1.22564,0.25
-39.96,-136.483,0,1.2265,0.25
-39.94,-136.447,0,1.22736,0.25
-39.92,-136.412,0,1.22822,0.25
-39.9,-136.377,0,1.22908,0.25
-39.88,-136.341,0,1.22994,0.25
-39.86,-136.306,0,1.2308,0.25
-39.84,-136.27,0,1.23166,0.25
-39.82,-136.235,0,1.23252,0.25
-39.8,-136.199,0,1.23339,0.25
-39.78,-136.164,0,1.23425,0.25
-39.76,-136.128,0,1.23511,0.25
-39.74,-136.093,0,1.23598,0.25
-39.72,-136.057,0,1.23684,0.25
-39.7,-136.022,0,1.23771,0.25
-39.68,-135.986,0,1.23858,0.25
-39.66,-135.951,0,1.23944,0.25
-39.64,-135.915,0,1.24031,0.25
-39.62,-135.88,0,1.24118,0.25
-39.6,-135.844,0,1.24205,0.25
-39.58,-135.809,0,1.24292,0.25
-39.56,-135.773,0,1.24379,0.25
-39.54,-135.737,0,1.24466,0.25
-39.52,-135.702,0,1.24553,0.25
-39.5,-135.666,0,1.2464,0.25
-39.48,-135.631,0,1.24728,0.25
-39.46,-135.595,0,1.24815,0.25
-39.44,-135.559,0,1.24902,0.25
-39.42,-135.524,0,1.2499,0.25
-39.4,-135.488,0,1.25077,0.25
-39.38,-135.453,0,1.25165,0.25
-39.36,-135.417,0,1.25253,0.25
-39.34,-135.381,0,1.2534,0.25
-39.32,-135.346,0,1.25428,0.25
-39.3,-135.31,0,1.25516,0.25
-39.28,-135.274,0,1.25604,0.25
-39.26,-135.238,0,1.25692,0.25
-39.24,-135.203,0,1.2578,0.25
-39.22,-135.167,0,1.25868,0.25
-39.2,-135.131,0,1.25956,0.25
-39.18,-135.096,0,1.26044,0.25
-39.16,-135.06,0,1.26133,0.25
-39.14,-135.024,0,1.26221,0.25
-39.12,-134.988,0,1.26309,0.25
-39.1,-134.953,0,1.26398,0.25
-39.08,-134.916,0,1.26486,0.25
-39.06,-134.881,0,1.26575,0.25
-39.04,-134.845,0,1.26663,0.25
-39.02,-134.809,0,1.26752,0.25
-39,-134.773,0,1.26841,0.25
-38.98,-134.737,0,1.2693,0.25
-38.96,-134.701,0,1.27019,0.25
-38.94,-134.666,0,1.27107,0.25
-38.92,-134.63,0,1.27197,0.25
-38.9,-134.594,0,1.27286,0.25
-38.88,-134.558,0,1.27375,0.25
-38.86,-134.522,0,1.27464,0.25
-38.84,-134.486,0,1.27553,0.25
-38.82,-134.45,0,1.27642,0.25
-38.8,-134.414,0,1.27732,0.25
-38.78,-134.378,0,1.27821,0.25
-38.76,-134.342,0,1.27911,0.25
-38.74,-134.306,0,1.28,0.25
-38.72,-134.27,0,1.2809,0.25
-38.7,-134.234,0,1.2818,0.25
-38.68,-134.198,0,1.28269,0.25
-38.66,-134.162,0,1.28359,0.25
-38.64,-134.126,0,1.28449,0.25
-38.62,-134.09,0,1.28539,0.25
-38.6,-134.054,0,1.28629,0.25
-38.58,-134.018,0,1.28719,0.25
-38.56,-133.982,0,1.28809,0.25
-38.54,-133.946,0,1.289,0.25
-38.52,-133.91,0,1.2899,0.25
-38.5,-133.874,0,1.2908,0.25
-38.48,-133.838,0,1.2917,0.25
-38.46,-133.802,0,1.29261,0.25
-38.44,-133.766,0,1.29351,0.25
-38.42,-133.73,0,1.29442,0.25
-38.4,-133.693,0,1.29533,0.25
-38.38,-133.657,0,1.29623,0.25
-38.36,-133.621,0,1.29714,0.25
-38.34,-133.585,0,1.29805,0.25
-38.32,-133.549,0,1.29896,0.25
-38.3,-133.513,0,1.29987,0.25
-38.28,-133.476,0,1.30078,0.25
-38.26,-133.44,0,1.30169,0.25
-38.24,-133.404,0,1.3026,0.25
-38.22,-133.368,0,1.30351,0.25
-38.2,-133.332,0,1.30443,0.25
-38.18,-133.295,0,1.30534,0.25
-38.16,-133.259,0,1.30625,0.25
-38.14,-133.223,0,1.30717,0.25
-38.12,-133.187,0,1.30808,0.25
-38.1,-133.15,0,1.309,0.25
-38.08,-133.114,0,1.30992,0.25
-38.06,-133.078,0,1.31083,0.25
-38.04,-133.041,0,1.31175,0.25
-38.02,-133.005,0,1.31267,0.25
-38,-132.969,0,1.31359,0.25
-37.98,-132.932,0,1.31451,0.25
-37.96,-132.896,0,1.31543,0.25
-37.94,-132.86,0,1.31635,0.25
-37.92,-132.823,0,1.31727,0.25
-37.9,-132.787,0,1.31819,0.25
-37.88,-132.751,0,1.31912,0.25
-37.86,-132.714,0,1.32004,0.25
-37.84,-132.678,0,1.32097,0.25
-37.82,-132.641,0,1.32189,0.25
-37.8,-132.605,0,1.32282,0.25
-37.78,-132.569,0,1.32374,0.25
-37.76,-132.532,0,1.32467,0.25
-37.74,-132.496,0,1.3256,0.25
-37.72,-132.459,0,1.32653,0.25
-37.7,-132.423,0,1.32745,0.25
-37.68,-132.386,0,1.32838,0.25
-37.66,-132.35,0,1.32931,0.25
-37.64,-132.313,0,1.33024,0.25
-37.62,-132.277,0,1.33118,0.25
-37.6,-132.24,0,1.33211,0.25
-37.58,-132.204,0,1.33304,0.25
-37.56,-132.167,0,1.33397,0.25
-37.54,-132.131,0,1.33491,0.25
-37.52,-132.094,0,1.33584,0.25
-37.5,-132.058,0,1.33678,0.25
-37.48,-132.021,0,1.33772,0.25
-37.46,-131.984,0,1.33865,0.25
-37.44,-131.948,0,1.33959,0.25
-37.42,-131.911,0,1.34053,0.25
-37.4,-131.874,0,1.34147,0.25
-37.38,-131.838,0,1.34241,0.25
-37.36,-131.801,0,1.34335,0.25
-37.34,-131.764,0,1.34429,0.25
-37.32,-131.728,0,1.34523,0.25
-37.3,-131.691,0,1.34617,0.25
-37.28,-131.654,0,1.34711,0.25
-37.26,-131.618,0,1.34806,0.25
-37.24,-131.581,0,1.349,0.25
-37.22,-131.544,0,1.34994,0.25
-37.2,-131.507,0,1.35089,0.25
-37.18,-131.471,0,1.35184,0.25
-37.16,-131.434,0,1.35278,0.25
-37.14,-131.397,0,1.35373,0.25
-37.12,-131.36,0,1.35468,0.25
-37.1,-131.324,0,1.35563,0.25
-37.08,-131.287,0,1.35657,0.25
-37.06,-131.25,0,1.35752,0.25
-37.04,-131.213,0,1.35848,0.25
-37.02,-131.176,0,1.35943,0.25
-37,-131.139,0,1.36038,0.25
-36.98,-131.103,0,1.36133,0.25
-36.96,-131.066,0,1.36228,0.25
-36.94,-131.029,0,1.36324,0.25
-36.92,-130.992,0,1.36419,0.25
-36.9,-130.955,0,1.36515,0.25
-36.88,-130.918,0,1.3661,0.25
-36.86,-130.881,0,1.36706,0.25
-36.84,-130.844,0,1.36802,0.25
-36.82,-130.807,0,1.36898,0.25
-36.8,-130.771,0,1.36993,0.25
-36.78,-130.734,0,1.37089,0.25
-36.76,-130.697,0,1.37185,0.25
-36.74,-130.66,0,1.37281,0.25
-36.72,-130.623,0,1.37378,0.25
-36.7,-130.586,0,1.37474,0.25
-36.68,-130.549,0,1.3757,0.25
-36.66,-130.512,0,1.37666,0.25
-36.64,-130.475,0,1.37763,0.25
-36.62,-130.438,0,1.37859,0.25
-36.6,-130.401,0,1.37956,0.25
-36.58,-130.363,0,1.38052,0.25
-36.56,-130.326,0,1.38149,0.25
-36.54,-130.289,0,1.38246,0.25
-36.52,-130.252,0,1.38343,0.25
-36.5,-130.215,0,1.38439,0.25
-36.48,-130.178,0,1.38536,0.25
-36.46,-130.141,0,1.38633,0.25
-36.44,-130.104,0,1.3873,0.25
-36.42,-130.067,0,1.38828,0.25
-36.4,-130.03,0,1.38925,0.25
-36.38,-129.992,0,1.39022,0.25
-36.36,-129.955,0,1.39119,0.25
-36.34,-129.918,0,1.39217,0.25
-36.32,-129.881,0,1.39314,0.25
-36.3,-129.844,0,1.39412,0.25
-36.28,-129.807,0,1.3951,0.25
-36.26,-129.769,0,1.39607,0.25
-36.24,-129.732,0,1.39705,0.25
-36.22,-129.695,0,1.39803,0.25
-36.2,-129.658,0,1.39901,0.25
-36.18,-129.62,0,1.39999,0.25
-36.16,-129.583,0,1.40097,0.25
-36.14,-129.545,0,1.40195,0.25
-36.12,-129.508,0,1.40293,0.25
-36.1,-129.471,0,1.40391,0.25
-36.08,-129.434,0,1.4049,0.25
-36.06,-129.396,0,1.40588,0.25
-36.04,-129.359,0,1.40686,0.25
-36.02,-129.322,0,1.40785,0.25
-36,-129.284,0,1.40883,0.25
-35.98,-129.247,0,1.40982,0.25
-35.96,-129.209,0,1.41081,0.25
-35.94,-129.172,0,1.4118,0.25
-35.92,-129.135,0,1.41279,0.25
-35.9,-129.097,0,1.41377,0.25
-35.88,-129.06,0,1.41476,0.25
-35.86,-129.022,0,1.41576,0.25
-35.84,-128.985,0,1.41675,0.25
-35.82,-128.947,0,1.41774,0.25
-35.8,-128.91,0,1.41873,0.25
-35.78,-128.872,0,1.41972,0.25
-35.76,-128.835,0,1.42072,0.25
-35.74,-128.797,0,1.42171,0.25
-35.72,-128.76,0,1.42271,0.25
-35.7,-128.722,0,1.42371,0.25
-35.68,-128.685,0,1.4247,0.25
-35.66,-128.647,0,1.4257,0.25
-35.64,-128.61,0,1.4267,0.25
-35.62,-128.572,0,1.4277,0.25
-35.6,-128.534,0,1.4287,0.25
-35.58,-128.497,0,1.4297,0.25
-35.56,-128.459,0,1.4307,0.25
-35.54,-128.422,0,1.4317,0.25
-35.52,-128.384,0,1.4327,0.25
-35.5,-128.346,0,1.43371,0.25
-35.48,-128.309,0,1.43471,0.25
-35.46,-128.271,0,1.43571,0.25
-35.44,-128.233,0,1.43672,0.25
-35.42,-128.196,0,1.43773,0.25
-35.4,-128.158,0,1.43873,0.25
-35.38,-128.12,0,1.43974,0.25
-35.36,-128.083,0,1.44075,0.25
-35.34,-128.045,0,1.44176,0.25
-35.32,-128.007,0,1.44277,0.25
-35.3,0,0,1.44378,0.25
-35.28,0,0,1.44479,0.25
-35.26,0,0,1.4458,0.25
-35.24,0,0,1.44681,0.25
-35.22,0,0,1.44783,0.25
-35.2,0,0,1.44884,0.25
-35.18,0,0,1.44985,0.25
-35.16,0,0,1.45087,0.25
-35.14,0,0,1.45189,0.25
-35.12,0,0,1.4529,0.25
-35.1,0,0,1.45392,0.25
-35.08,0,0,1.45494,0.25
-35.06,0,0,1.45596,0.25
-35.04,0,0,1.45698,0.25
-35.02,0,0,1.458,0.25
-35,0,0,1.45902,0.25
-34.98,0,0,1.46004,0.25
-34.96,0,0,1.46106,0.25
-34.94,0,0,1.46208,0.25
-34.92,0,0,1.46311,0.25
-34.9,0,0,1.46413,0.25
-34.88,0,0,1.46516,0.25
-34.86,0,0,1.46618,0.25
-34.84,0,0,1.46721,0.25
-34.82,0,0,1.46824,0.25
-34.8,0,0,1.46927,0.25
-34.78,0,0,1.47029,0.25
-34.76,0,0,1.47132,0.25
-34.74,0,0,1.47235,0.25
-34.72,0,0,1.47339,0.25
-34.7,0,0,1.47442,0.25
-34.68,0,0,1.47545,0.25
-34.66,0,0,1.47648,0.25
-34.64,0,0,1.47752,0.25
-34.62,0,0,1.47855,0.25
-34.6,0,0,1.47959,0.25
-34.58,0,0,1.48062,0.25
-34.56,0,0,1.48166,0.25
-34.54,0,0,1.4827,0.25
-34.52,0,0,1.48374,0.25
-34.5,0,0,1.48477,0.25
-34.48,0,0,1.48581,0.25
-34.46,0,0,1.48685,0.25
-34.44,0,0,1.4879,0.25
-34.42,0,0,1.48894,0.25
-34.4,0,0,1.48998,0.25
-34.38,0,0,1.49102,0.25
-34.36,0,0,1.49207,0.25
-34.34,0,0,1.49311,0.25
-34.32,0,0,1.49416,0.25
-34.3,0,0,1.4952,0.25
-34.28,0,0,1.49625,0.25
-34.26,0,0,1.4973,0.25
-34.24,0,0,1.49835,0.25
-34.22,0,0,1.4994,0.25
-34.2,0,0,1.50045,0.25
-34.18,0,0,1.5015,0.25
-34.16,0,0,1.50255,0.25
-34.14,0,0,1.5036,0.25
-34.12,0,0,1.50465,0.25
-34.1,0,0,1.50571,0.25
-34.08,0,0,1.50676,0.25
-34.06,0,0,1.50782,0.25
-34.04,0,0,1.50887,0.25
-34.02,0,0,1.50993,0.25
-34,0,0,1.51099,0.25
-33.98,0,0,1.51204,0.25
-33.96,0,0,1.5131,0.25
-33.94,0,0,1.51416,0.25
-33.92,0,0,1.51522,0.25
-33.9,0,0,1.51628,0.25
-33.88,0,0,1.51735,0.25
-33.86,0,0,1.51841,0.25
-33.84,0,0,1.51947,0.25
-33.82,0,0,1.52054,0.25
-33.8,0,0,1.5216,0.25
-33.78,0,0,1.52267,0.25
-33.76,0,0,1.52373,0.25
-33.74,0,0,1.5248,0.25
-33.72,0,0,1.52587,0.25
-33.7,0,0,1.52694,0.25
-33.68,0,0,1.52801,0.25
-33.66,0,0,1.52907,0.25
-33.64,0,0,1.53015,0.25
-33.62,0,0,1.53122,0.25
-33.6,0,0,1.53229,0.25
-33.58,0,0,1.53336,0.25
-33.56,0,0,1.53444,0.25
-33.54,0,0,1.53551,0.25
-33.52,0,0,1.53659,0.25
-33.5,0,0,1.53766,0.25
-33.48,0,0,1.53874,0.25
-33.46,0,0,1.53982,0.25
-33.44,0,0,1.54089,0.25
-33.42,0,0,1.54197,0.25
-33.4,0,0,1.54305,0.25
-33.38,0,0,1.54413,0.25
-33.36,0,0,1.54521,0.25
-33.34,0,0,1.5463,0.25
-33.32,0,0,1.54738,0.25
-33.3,0,0,1.54846,0.25
-33.28,0,0,1.54955,0.25
-33.26,0,0,1.55063,0.25
-33.24,0,0,1.55172,0.25
-33.22,0,0,1.5528,0.25
-33.2,0,0,1.55389,0.25
-33.18,0,0,1.55498,0.25
-33.16,0,0,1.55607,0.25
-33.14,0,0,1.55716,0.25
-33.12,0,0,1.55825,0.25
-33.1,0,0,1.55934,0.25
-33.08,0,0,1.56043,0.25
-33.06,0,0,1.56153,0.25
-33.04,0,0,1.56262,0.25
-33.02,0,0,1.56371,0.25
-33,0,0,1.56481,0.25
-32.98,0,0,1.5659,0.25
-32.96,0,0,1.567,0.25
-32.94,0,0,1.5681,0.25
-32.92,0,0,1.5692,0.25
-32.9,0,0,1.57029,0.25
-32.88,0,0,1.57139,0.25
-32.86,0,0,1.57249,0.25
-32.84,0,0,1.5736,0.25
-32.82,0,0,1.5747,0.25
-32.8,0,0,1.5758,0.25
-32.78,0,0,1.5769,0.25
-32.76,0,0,1.57801,0.25
-32.74,0,0,1.57911,0.25
-32.72,0,0,1.58022,0.25
-32.7,0,0,1.58132,0.25
-32.68,0,0,1.58243,0.25
-32.66,0,0,1.58354,0.25
-32.64,0,0,1.58465,0.25
-32.62,0,0,1.58576,0.25
-32.6,0,0,1.58687,0.25
-32.58,0,0,1.58798,0.25
-32.56,0,0,1.58909,0.25
-32.54,0,0,1.59021,0.25
-32.52,0,0,1.59132,0.25
-32.5,0,0,1.59243,0.25
-32.48,0,0,1.59355,0.25
-32.46,0,0,1.59466,0.25
-32.44,0,0,1.59578,0.25
-32.42,0,0,1.5969,0.25
-32.4,0,0,1.59802,0.25
-32.38,0,0,1.59914,0.25
-32.36,0,0,1.60025,0.25
-32.34,0,0,1.60138,0.25
-32.32,0,0,1.6025,0.25
-32.3,0,0,1.60362,0.25
-32.28,0,0,1.60474,0.25
-32.26,0,0,1.60587,0.25
-32.24,0,0,1.60699,0.25
-32.22,0,0,1.60812,0.25
-32.2,0,0,1.60924,0.25
-32.18,0,0,1.61037,0.25
-32.16,0,0,1.6115,0.25
-32.14,0,0,1.61262,0.25
-32.12,0,0,1.61375,0.25
-32.1,0,0,1.61488,0.25
-32.08,0,0,1.61601,0.25
-32.06,0,0,1.61715,0.25
-32.04,0,0,1.61828,0.25
-32.02,0,0,1.61941,0.25
-32,0,0,1.62055,0.25
-31.98,0,0,1.62168,0.25
-31.96,0,0,1.62282,0.25
-31.94,0,0,1.62395,0.25
-31.92,0,0,1.62509,0.25
-31.9,0,0,1.62623,0.25
-31.88,0,0,1.62737,0.25
-31.86,0,0,1.62851,0.25
-31.84,0,0,1.62965,0.25
-31.82,0,0,1.63079,0.25
-31.8,0,0,1.63193,0.25
-31.78,0,0,1.63307,0.25
-31.76,0,0,1.63422,0.25
-31.74,0,0,1.63536,0.25
-31.72,0,0,1.63651,0.25
-31.7,0,0,1.63765,0.25
-31.68,0,0,1.6388,0.25
-31.66,0,0,1.63995,0.25
-31.64,0,0,1.64109,0.25
-31.62,0,0,1.64224,0.25
-31.6,0,0,1.64339,0.25
-31.58,0,0,1.64454,0.25
-31.56,0,0,1.6457,0.25
-31.54,0,0,1.64685,0.25
-31.52,0,0,1.648,0.25
-31.5,0,0,1.64915,0.25
-31.48,121.134,24,1.65031,0.25
-31.46,121.094,24,1.65147,0.25
-31.44,121.055,24,1.65262,0.25
-31.42,121.015,24,1.65378,0.25
-31.4,120.975,24,1.65494,0.25
-31.38,120.935,24,1.6561,0.25
-31.36,120.895,24,1.65726,0.25
-31.34,120.856,24,1.65842,0.25
-31.32,120.816,24,1.65958,0.25
-31.3,120.776,24,1.66074,0.25
-31.28,120.736,24,1.6619,0.25
-31.26,120.696,24,1.66307,0.25
-31.24,120.656,24,1.66423,0.25
-31.22,120.616,24,1.6654,0.25
-31.2,120.577,24,1.66656,0.25
-31.18,120.537,24,1.66773,0.25
-31.16,120.497,24,1.6689,0.25
-31.14,120.457,24,1.67007,0.25
-31.12,120.417,24,1.67124,0.25
-31.1,120.377,24,1.67241,0.25
-31.08,120.337,24,1.67358,0.25
-31.06,120.297,24,1.67475,0.25
-31.04,120.257,24,1.67592,0.25
-31.02,120.217,24,1.67709,0.25
-31,120.177,24,1.67827,0.25
-30.98,120.137,24,1.67944,0.25
-30.96,120.097,24,1.68062,0.25
-30.94,120.057,24,1.6818,0.25
-30.92,120.017,24,1.68297,0.25
-30.9,119.977,24,1.68415,0.25
-30.88,119.937,24,1.68533,0.25
-30.86,119.896,24,1.68651,0.25
-30.84,119.856,24,1.68769,0.25
-30.82,119.816,24,1.68888,0.25
-30.8,119.776,24,1.69006,0.25
-30.78,119.736,24,1.69124,0.25
-30.76,119.696,24,1.69243,0.25
-30.74,119.655,24,1.69361,0.25
-30.72,119.615,24,1.6948,0.25
-30.7,119.575,24,1.69598,0.25
-30.68,119.535,24,1.69717,0.25
-30.66,119.495,24,1.69836,0.25
-30.64,119.454,24,1.69955,0.25
-30.62,119.414,24,1.70074,0.25
-30.6,119.374,24,1.70193,0.25
-30.58,119.333,24,1.70312,0.25
-30.56,119.293,24,1.70431,0.25
-30.54,119.253,24,1.70551,0.25
-30.52,119.212,24,1.7067,0.25
-30.5,119.172,24,1.7079,0.25
-30.48,119.132,24,1.70909,0.25
-30.46,119.092,24,1.71029,0.25
-30.44,119.051,24,1.71149,0.25
-30.42,119.011,24,1.71269,0.25
-30.4,118.97,24,1.71389,0.25
-30.38,118.93,24,1.71509,0.25
-30.36,118.889,24,1.71629,0.25
-30.34,118.849,24,1.71749,0.25
-30.32,118.808,24,1.71869,0.25
-30.3,118.768,24,1.71989,0.25
-30.28,118.727,24,1.7211,0.25
-30.26,118.687,24,1.7223,0.25
-30.24,118.646,24,1.72351,0.25
-30.22,118.606,24,1.72472,0.25
-30.2,118.565,24,1.72592,0.25
-30.18,118.525,24,1.72713,0.25
-30.16,118.484,24,1.72834,0.25
-30.14,118.443,24,1.72955,0.25
-30.12,118.403,24,1.73076,0.25
-30.1,118.362,24,1.73198,0.25
-30.08,118.322,24,1.73319,0.25
-30.06,118.281,24,1.7344,0.25
-30.04,118.24,24,1.73562,0.25
-30.02,118.2,24,1.73683,0.25
-30,118.159,24,1.73805,0.25
-29.98,118.118,24,1.73927,0.25
-29.96,118.077,24,1.74048,0.25
-29.94,118.037,24,1.7417,0.25
-29.92,117.996,24,1.74292,0.25
-29.9,117.955,24,1.74414,0.25
-29.88,117.914,24,1.74536,0.25
-29.86,117.874,24,1.74659,0.25
-29.84,117.833,24,1.74781,0.25
-29.82,117.792,24,1.74903,0.25
-29.8,117.751,24,1.75026,0.25
-29.78,117.71,24,1.75148,0.25
-29.76,117.669,24,1.75271,0.25
-29.74,117.628,24,1.75394,0.25
-29.72,117.588,24,1.75517,0.25
-29.7,117.547,24,1.75639,0.25
-29.68,117.506,24,1.75762,0.25
-29.66,117.465,24,1.75885,0.25
-29.64,117.424,24,1.76009,0.25
-29.62,117.383,24,1.76132,0.25
-29.6,117.342,24,1.76255,0.25
-29.58,117.301,24,1.76379,0.25
-29.56,117.26,24,1.76502,0.25
-29.54,117.219,24,1.76626,0.25
-29.52,117.178,24,1.76749,0.25
-29.5,117.137,24,1.76873,0.25
-29.48,117.096,24,1.76997,0.25
-29.46,117.055,24,1.77121,0.25
-29.44,117.014,24,1.77245,0.25
-29.42,116.972,24,1.77369,0.25
-29.4,116.931,24,1.77493,0.25
-29.38,116.89,24,1.77618,0.25
-29.36,116.849,24,1.77742,0.25
-29.34,116.808,24,1.77866,0.25
-29.32,116.767,24,1.77991,0.25
-29.3,116.726,24,1.78116,0.25
-29.28,116.684,24,1.7824,0.25
-29.26,116.643,24,1.78365,0.25
-29.24,116.602,24,1.7849,0.25
-29.22,116.561,24,1.78615,0.25
-29.2,116.519,24,1.7874,0.25
-29.18,116.478,24,1.78865,0.25
-29.16,116.437,24,1.78991,0.25
-29.14,116.395,24,1.79116,0.25
-29.12,116.354,24,1.79241,0.25
-29.1,116.313,24,1.79367,0.25
-29.08,116.271,24,1.79492,0.25
-29.06,116.23,24,1.79618,0.25
-29.04,116.189,24,1.79744,0.25
-29.02,116.147,24,1.7987,0.25
-29,116.106,24,1.79996,0.25
-28.98,116.065,24,1.80122,0.25
-28.96,116.023,24,1.80248,0.25
-28.94,115.982,24,1.80374,0.25
-28.92,115.94,24,1.805,0.25
-28.9,115.899,24,1.80627,0.25
-28.88,115.857,24,1.80753,0.25
-28.86,115.816,24,1.8088,0.25
-28.84,115.774,24,1.81007,0.25
-28.82,115.733,24,1.81133,0.25
-28.8,115.691,24,1.8126,0.25
-28.78,115.65,24,1.81387,0.25
-28.76,115.608,24,1.81514,0.25
-28.74,115.566,24,1.81641,0.25
-28.72,115.525,24,1.81768,0.25
-28.7,115.483,24,1.81896,0.25
-28.68,115.441,24,1.82023,0.25
-28.66,115.4,24,1.8215,0.25
-28.64,115.358,24,1.82278,0.25
-28.62,115.316,24,1.82406,0.25
-28.6,115.275,24,1.82533,0.25
-28.58,115.233,24,1.82661,0.25
-28.56,115.191,24,1.82789,0.25
-28.54,115.149,24,1.82917,0.25
-28.52,115.108,24,1.83045,0.25
-28.5,115.066,24,1.83173,0.25
-28.48,115.024,24,1.83302,0.25
-28.46,114.982,24,1.8343,0.25
-28.44,114.94,24,1.83558,0.25
-28.42,114.899,24,1.83687,0.25
-28.4,114.857,24,1.83816,0.25
-28.38,114.815,24,1.83944,0.25
-28.36,114.773,24,1.84073,0.25
-28.34,114.731,24,1.84202,0.25
-28.32,114.689,24,1.84331,0.25
-28.3,114.647,24,1.8446,0.25
-28.28,114.605,24,1.84589,0.25
-28.26,114.563,24,1.84719,0.25
-28.24,114.521,24,1.84848,0.25
-28.22,114.479,24,1.84977,0.25
-28.2,114.437,24,1.85107,0.25
-28.18,114.395,24,1.85236,0.25
-28.16,114.353,24,1.85366,0.25
-28.14,114.311,24,1.85496,0.25
-28.12,114.269,24,1.85626,0.25
-28.1,114.227,24,1.85756,0.25
-28.08,114.185,24,1.85886,0.25
-28.06,114.143,24,1.86016,0.25
-28.04,114.101,24,1.86146,0.25
-28.02,114.058,24,1.86277,0.25
-28,114.016,24,1.86407,0.25
-27.98,113.974,24,1.86538,0.25
-27.96,113.932,24,1.86668,0.25
-27.94,113.89,24,1.86799,0.25
-27.92,113.848,24,1.8693,0.25
-27.9,113.805,24,1.87061,0.25
-27.88,113.763,24,1.87192,0.25
-27.86,113.721,24,1.87323,0.25
-27.84,113.678,24,1.87454,0.25
-27.82,113.636,24,1.87585,0.25
-27.8,113.594,24,1.87717,0.25
-27.78,113.551,24,1.87848,0.25
-27.76,113.509,24,1.8798,0.25
-27.74,113.467,24,1.88111,0.25
-27.72,113.424,24,1.88243,0.25
-27.7,113.382,24,1.88375,0.25
-27.68,113.34,24,1.88507,0.25
-27.66,113.297,24,1.88639,0.25
-27.64,113.255,24,1.88771,0.25
-27.62,113.212,24,1.88903,0.25
-27.6,113.17,24,1.89035,0.25
-27.58,113.127,24,1.89168,0.25
-27.56,113.085,24,1.893,0.25
-27.54,113.042,24,1.89433,0.25
-27.52,113,24,1.89565,0.25
-27.5,112.957,24,1.89698,0.25
-27.48,112.915,24,1.89831,0.25
-27.46,112.872,24,1.89964,0.25
-27.44,112.829,24,1.90097,0.25
-27.42,112.787,24,1.9023,0.25
-27.4,112.744,24,1.90363,0.25
-27.38,112.701,24,1.90496,0.25
-27.36,112.659,24,1.9063,0.25
-27.34,112.616,24,1.90763,0.25
-27.32,112.573,24,1.90897,0.25
-27.3,112.531,24,1.91031,0.25
-27.28,112.488,24,1.91164,0.25
-27.26,112.445,24,1.91298,0.25
-27.24,112.402,24,1.91432,0.25
-27.22,112.36,24,1.91566,0.25
-27.2,112.317,24,1.917,0.25
-27.18,112.274,24,1.91835,0.25
-27.16,112.231,24,1.91969,0.25
-27.14,112.188,24,1.92103,0.25
-27.12,112.146,24,1.92238,0.25
-27.1,112.103,24,1.92372,0.25
-27.08,112.06,24,1.92507,0.25
-27.06,112.017,24,1.92642,0.25
-27.04,111.974,24,1.92777,0.25
-27.02,111.931,24,1.92912,0.25
-27,111.888,24,1.93047,0.25
-26.98,111.845,24,1.93182,0.25
-26.96,111.802,24,1.93317,0.25
-26.94,111.759,24,1.93453,0.25
-26.92,111.716,24,1.93588,0.25
-26.9,111.673,24,1.93724,0.25
-26.88,111.63,24,1.93859,0.25
-26.86,111.587,24,1.93995,0.25
-26.84,111.544,24,1.94131,0.25
-26.82,111.501,24,1.94267,0.25
-26.8,111.458,24,1.94403,0.25
-26.78,111.414,24,1.94539,0.25
-26.76,111.371,24,1.94675,0.25
-26.74,111.329,24,1.94812,0.25
-26.72,111.285,24,1.94948,0.25
-26.7,111.242,24,1.95085,0.25
-26.68,111.199,24,1.95221,0.25
-26.66,111.156,24,1.95358,0.25
-26.64,111.112,24,1.95495,0.25
-26.62,111.069,24,1.95632,0.25
-26.6,111.026,24,1.95769,0.25
-26.58,110.982,24,1.95906,0.25
-26.56,110.939,24,1.96043,0.25
-26.54,110.896,24,1.9618,0.25
-26.52,110.852,24,1.96317,0.25
-26.5,110.809,24,1.96455,0.25
-26.48,110.766,24,1.96593,0.25
-26.46,110.722,24,1.9673,0.25
-26.44,110.679,24,1.96868,0.25
-26.42,110.635,24,1.97006,0.25
-26.4,110.592,24,1.97144,0.25
-26.38,110.548,24,1.97282,0.25
-26.36,110.505,24,1.9742,0.25
-26.34,110.461,24,1.97558,0.25
-26.32,110.418,24,1.97697,0.25
-26.3,110.374,24,1.97835,0.25
-26.28,110.331,24,1.97973,0.25
-26.26,110.287,24,1.98112,0.25
-26.24,110.243,24,1.98251,0.25
-26.22,110.2,24,1.9839,0.25
-26.2,110.156,24,1.98529,0.25
-26.18,110.113,24,1.98668,0.25
-26.16,110.069,24,1.98807,0.25
-26.14,110.025,24,1.98946,0.25
-26.12,109.982,24,1.99085,0.25
-26.1,109.938,24,1.99225,0.25
-26.08,109.894,24,1.99364,0.25
-26.06,109.85,24,1.99504,0.25
-26.04,109.807,24,1.99643,0.25
-26.02,109.763,24,1.99783,0.25
-26,109.719,24,1.99923,0.25
-25.98,109.675,24,2.00063,0.25
-25.96,109.631,24,2.00203,0.25
-25.94,109.587,24,2.00343,0.25
-25.92,109.544,24,2.00484,0.25
-25.9,109.5,24,2.00624,0.25
-25.88,109.456,24,2.00765,0.25
-25.86,109.412,24,2.00905,0.25
-25.84,109.368,24,2.01046,0.25
-25.82,109.324,24,2.01187,0.25
-25.8,109.28,24,2.01328,0.25
-25.78,109.236,24,2.01469,0.25
-25.76,109.192,24,2.0161,0.25
-25.74,109.148,24,2.01751,0.25
-25.72,109.104,24,2.01892,0.25
-25.7,109.06,24,2.02033,0.25
-25.68,109.016,24,2.02175,0.25
-25.66,108.972,24,2.02316,0.25
-25.64,108.928,24,2.02458,0.25
-25.62,108.883,24,2.026,0.25
-25.6,108.839,24,2.02742,0.25
-25.58,108.795,24,2.02884,0.25
-25.56,108.751,24,2.03026,0.25
-25.54,108.707,24,2.03168,0.25
-25.52,108.663,24,2.0331,0.25
-25.5,108.618,24,2.03453,0.25
-25.48,108.574,24,2.03595,0.25
-25.46,108.53,24,2.03738,0.25
-25.44,108.485,24,2.0388,0.25
-25.42,108.441,24,2.04023,0.25
-25.4,108.397,24,2.04166,0.25
-25.38,108.352,24,2.04309,0.25
-25.36,108.308,24,2.04452,0.25
-25.34,108.264,24,2.04595,0.25
-25.32,108.219,24,2.04738,0.25
-25.3,108.175,24,2.04882,0.25
-25.28,108.13,24,2.05025,0.25
-25.26,108.086,24,2.05169,0.25
-25.24,108.042,24,2.05312,0.25
-25.22,107.997,24,2.05456,0.25
-25.2,107.953,24,2.056,0.25
-25.18,107.908,24,2.05744,0.25
-25.16,107.864,24,2.05888,0.25
-25.14,107.819,24,2.06032,0.25
-25.12,107.774,24,2.06177,0.25
-25.1,107.73,24,2.06321,0.25
-25.08,107.685,24,2.06465,0.25
-25.06,107.641,24,2.0661,0.25
-25.04,107.596,24,2.06755,0.25
-25.02,107.551,24,2.06899,0.25
-25,107.506,24,2.07044,0.25
-24.98,107.462,24,2.07189,0.250045
-24.96,107.417,24,2.07334,0.250178
-24.94,107.372,24,2.0748,0.2504
-24.92,107.328,24,2.07625,0.25071
-24.9,107.283,24,2.0777,0.251108
-24.88,107.238,24,2.07916,0.251594
-24.86,107.193,24,2.08061,0.252167
-24.84,107.148,24,2.08207,0.252828
-24.82,107.103,24,2.08353,0.253575
-24.8,107.059,24,2.08499,0.254408
-24.78,107.014,24,2.08645,0.255328
-24.76,106.969,24,2.08791,0.256333
-24.74,106.924,24,2.08937,0.257424
-24.72,106.879,24,2.09083,0.2586
-24.7,106.834,24,2.0923,0.259861
-24.68,106.789,24,2.09376,0.261207
-24.66,106.744,24,2.09523,0.262637
-24.64,106.699,24,2.0967,0.264151
-24.62,106.654,24,2.09816,0.265748
-24.6,106.609,24,2.09963,0.267429
-24.58,106.564,24,2.1011,0.269192
-24.56,106.519,24,2.10258,0.271039
-24.54,106.473,24,2.10405,0.272967
-24.52,106.428,24,2.10552,0.274978
-24.5,106.383,24,2.107,0.27707
-24.48,106.338,24,2.10847,0.279243
-24.46,106.293,24,2.10995,0.281498
-24.44,106.248,24,2.11142,0.283833
-24.42,106.202,24,2.1129,0.286249
-24.4,106.157,24,2.11438,0.288744
-24.38,106.112,24,2.11586,0.29132
-24.36,106.067,24,2.11735,0.293974
-24.34,106.021,24,2.11883,0.296708
-24.32,105.976,24,2.12031,0.29952
-24.3,105.931,24,2.1218,0.30241
-24.28,105.885,24,2.12328,0.305379
-24.26,105.84,24,2.12477,0.308425
-24.24,105.794,24,2.12626,0.311548
-24.22,105.749,24,2.12775,0.314748
-24.2,105.704,24,2.12924,0.318025
-24.18,105.658,24,2.13073,0.321378
-24.16,105.613,24,2.13222,0.324807
-24.14,105.567,24,2.13371,0.328311
-24.12,105.522,24,2.13521,0.331891
-24.1,105.476,24,2.1367,0.335545
-24.08,105.43,24,2.1382,0.339274
-24.06,105.385,24,2.13969,0.343077
-24.04,105.339,24,2.14119,0.346953
-24.02,105.294,24,2.14269,0.350903
-24,105.248,24,2.14419,0.354926
-23.98,105.202,24,2.14569,0.359022
-23.96,105.157,24,2.1472,0.363189
-23.94,105.111,24,2.1487,0.367429
-23.92,105.065,24,2.1502,0.37174
-23.9,105.02,24,2.15171,0.376123
-23.88,104.974,24,2.15322,0.380576
-23.86,104.928,24,2.15472,0.385099
-23.84,104.882,24,2.15623,0.389693
-23.82,104.836,24,2.15774,0.394356
-23.8,104.791,24,2.15925,0.399089
-23.78,104.745,24,2.16077,0.40389
-23.76,104.699,24,2.16228,0.40876
-23.74,104.653,24,2.16379,0.413698
-23.72,104.607,24,2.16531,0.418704
-23.7,104.561,24,2.16683,0.423777
-23.68,104.515,24,2.16834,0.428917
-23.66,104.469,24,2.16986,0.434124
-23.64,104.423,24,2.17138,0.439397
-23.62,104.377,24,2.1729,0.444736
-23.6,104.331,24,2.17442,0.45014
-23.58,104.285,24,2.17594,0.455609
-23.56,104.239,24,2.17747,0.461143
-23.54,104.193,24,2.17899,0.466741
-23.52,104.147,24,2.18052,0.472403
-23.5,104.101,24,2.18205,0.478128
-23.48,104.055,24,2.18357,0.483916
-23.46,104.009,24,2.1851,0.489767
-23.44,103.962,24,2.18663,0.49568
-23.42,103.916,24,2.18816,0.501655
-23.4,103.87,24,2.1897,0.507691
-23.38,103.824,24,2.19123,0.513788
-23.36,103.777,24,2.19276,0.519946
-23.34,103.731,24,2.1943,0.526164
-23.32,103.685,24,2.19584,0.532442
-23.3,103.638,24,2.19737,0.538779
-23.28,103.592,24,2.19891,0.545175
-23.26,103.546,24,2.20045,0.55163
-23.24,103.499,24,2.20199,0.558142
-23.22,103.453,24,2.20354,0.564712
-23.2,103.406,24,2.20508,0.57134
-23.18,103.36,24,2.20662,0.578024
-23.16,103.313,24,2.20817,0.584764
-23.14,103.267,24,2.20971,0.591561
-23.12,103.22,24,2.21126,0.598413
-23.1,103.174,24,2.21281,0.60532
-23.08,103.127,24,2.21436,0.612282
-23.06,103.081,24,2.21591,0.619298
-23.04,103.034,24,2.21746,0.626367
-23.02,102.987,24,2.21901,0.633491
-23,102.941,24,2.22057,0.640667
-22.98,102.894,24,2.22212,0.647895
-22.96,102.847,24,2.22368,0.655175
-22.94,102.801,24,2.22524,0.662507
-22.92,102.754,24,2.22679,0.669891
-22.9,102.707,24,2.22835,0.677324
-22.88,102.66,24,2.22991,0.684808
-22.86,102.614,24,2.23148,0.692342
-22.84,102.567,24,2.23304,0.699925
-22.82,102.52,24,2.2346,0.707557
-22.8,102.473,24,2.23617,0.715238
-22.78,102.426,24,2.23773,0.722966
-22.76,102.379,24,2.2393,0.730742
-22.74,102.332,24,2.24087,0.738565
-22.72,102.285,24,2.24244,0.746434
-22.7,102.238,24,2.24401,0.75435
-22.68,102.191,24,2.24558,0.762311
-22.66,102.144,24,2.24715,0.770318
-22.64,102.097,24,2.24872,0.778369
-22.62,102.05,24,2.2503,0.786464
-22.6,102.003,24,2.25187,0.794603
-22.58,101.956,24,2.25345,0.802786
-22.56,101.909,24,2.25503,0.811011
-22.54,101.862,24,2.25661,0.819278
-22.52,101.815,24,2.25819,0.827588
-22.5,101.768,24,2.25977,0.835939
-22.48,101.72,24,2.26135,0.84433
-22.46,101.673,24,2.26294,0.852763
-22.44,101.626,24,2.26452,0.861235
-22.42,101.579,24,2.26611,0.869746
-22.4,101.531,24,2.26769,0.878297
-22.38,101.484,24,2.26928,0.886886
-22.36,101.437,24,2.27087,0.895512
-22.34,101.389,24,2.27246,0.904177
-22.32,101.342,24,2.27405,0.912878
-22.3,101.295,24,2.27564,0.921616
-22.28,101.247,24,2.27724,0.93039
-22.26,101.2,24,2.27883,0.939199
-22.24,101.152,24,2.28043,0.948044
-22.22,101.105,24,2.28202,0.956922
-22.2,101.057,24,2.28362,0.965835
-22.18,101.01,24,2.28522,0.974781
-22.16,100.962,24,2.28682,0.983761
-22.14,100.915,24,2.28842,0.992772
-22.12,100.867,24,2.29003,1.00182
-22.1,100.819,24,2.29163,1.01089
-22.08,100.772,24,2.29323,1.02
-22.06,100.724,24,2.29484,1.02913
-22.04,100.676,24,2.29645,1.0383
-22.02,100.629,24,2.29805,1.04749
-22,100.581,24,2.29966,1.05672
-21.98,100.533,24,2.30127,1.06597
-21.96,100.485,24,2.30289,1.07525
-21.94,100.438,24,2.3045,1.08456
-21.92,100.39,24,2.30611,1.09389
-21.9,100.342,24,2.30773,1.10325
-21.88,100.294,24,2.30934,1.11264
-21.86,100.246,24,2.31096,1.12205
-21.84,100.198,24,2.31258,1.13149
-21.82,100.15,24,2.3142,1.14095
-21.8,100.102,24,2.31582,1.15043
-21.78,100.054,24,2.31744,1.15994
-21.76,100.006,24,2.31906,1.16947
-21.74,99.9584,24,2.32069,1.17902
-21.72,99.9104,24,2.32231,1.18859
-21.7,99.8623,24,2.32394,1.19818
-21.68,99.8142,24,2.32556,1.2078
-21.66,99.7661,24,2.32719,1.21743
-21.64,99.7179,24,2.32882,1.22708
-21.62,99.6698,24,2.33045,1.23675
-21.6,99.6216,24,2.33209,1.24644
-21.58,99.5734,24,2.33372,1.25614
-21.56,99.5252,24,2.33535,1.26587
-21.54,99.4769,24,2.33699,1.27561
-21.52,99.4286,24,2.33862,1.28536
-21.5,99.3803,24,2.34026,1.29513
-21.48,99.332,24,2.3419,1.30492
-21.46,99.2837,24,2.34354,1.31471
-21.44,99.2353,24,2.34518,1.32453
-21.42,99.1869,24,2.34682,1.33435
-21.4,99.1385,24,2.34847,1.34419
-21.38,99.0901,24,2.35011,1.35404
-21.36,99.0416,24,2.35176,1.3639
-21.34,98.9931,24,2.3534,1.37377
-21.32,98.9446,24,2.35505,1.38365
-21.3,98.8961,24,2.3567,1.39354
-21.28,98.8475,24,2.35835,1.40344
-21.26,98.7989,24,2.36,1.41335
-21.24,98.7503,24,2.36166,1.42326
-21.22,98.7017,24,2.36331,1.43318
-21.2,98.6531,24,2.36496,1.44311
-21.18,98.6044,24,2.36662,1.45305
-21.16,98.5557,24,2.36828,1.46299
-21.14,98.507,24,2.36994,1.47293
-21.12,98.4582,24,2.3716,1.48288
-21.1,98.4095,24,2.37326,1.49283
-21.08,98.3607,24,2.37492,1.50278
-21.06,98.3118,24,2.37658,1.51274
-21.04,98.263,24,2.37825,1.5227
-21.02,98.2141,24,2.37991,1.53266
-21,98.1653,24,2.38158,1.54262
-20.98,98.1163,24,2.38324,1.55258
-20.96,98.0674,24,2.38491,1.56254
-20.94,98.0184,24,2.38658,1.57249
-20.92,97.9695,24,2.38825,1.58245
-20.9,97.9205,24,2.38993,1.5924
-20.88,97.8714,24,2.3916,1.60235
-20.86,97.8224,24,2.39328,1.6123
-20.84,97.7733,24,2.39495,1.62224
-20.82,97.7242,24,2.39663,1.63217
-20.8,97.6751,24,2.39831,1.6421
-20.78,97.6259,24,2.39999,1.65203
-20.76,97.5767,24,2.40167,1.66194
-20.74,97.5275,24,2.40335,1.67185
-20.72,97.4783,24,2.40503,1.68175
-20.7,97.429,24,2.40672,1.69164
-20.68,97.3798,24,2.4084,1.70152
-20.66,97.3305,24,2.41009,1.71139
-20.64,97.2811,24,2.41177,1.72125
-20.62,97.2318,24,2.41346,1.7311
-20.6,97.1824,24,2.41515,1.74094
-20.58,97.133,24,2.41684,1.75076
-20.56,97.0836,24,2.41854,1.76057
-20.54,97.0341,24,2.42023,1.77037
-20.52,96.9847,24,2.42193,1.78015
-20.5,96.9352,24,2.42362,1.78991
-20.48,96.8856,24,2.42532,1.79966
-20.46,96.8361,24,2.42702,1.80939
-20.44,96.7865,24,2.42872,1.81911
-20.42,96.7369,24,2.43042,1.8288
-20.4,96.6873,24,2.43212,1.83848
-20.38,96.6376,24,2.43382,1.84814
-20.36,96.588,24,2.43553,1.85778
-20.34,96.5383,24,2.43723,1.86739
-20.32,96.4885,24,2.43894,1.87699
-20.3,96.4388,24,2.44065,1.88656
-20.28,96.389,24,2.44236,1.89611
-20.26,96.3392,24,2.44407,1.90564
-20.24,96.2894,24,2.44578,1.91514
-20.22,96.2395,24,2.44749,1.92461
-20.2,96.1897,24,2.4492,1.93406
-20.18,96.1398,24,2.45092,1.94349
-20.16,96.0898,24,2.45264,1.95289
-20.14,96.0399,24,2.45435,1.96226
-20.12,95.9899,24,2.45607,1.9716
-20.1,95.9399,24,2.45779,1.98091
-20.08,95.8899,24,2.45951,1.99019
-20.06,95.8398,24,2.46123,1.99944
-20.04,95.7897,24,2.46296,2.00866
-20.02,95.7396,24,2.46468,2.01785
-20,95.6895,24,2.46641,2.027
-19.98,95.6393,24,2.46814,2.03613
-19.96,95.5891,24,2.46986,2.04521
-19.94,95.5389,24,2.47159,2.05427
-19.92,95.4887,24,2.47332,2.06328
-19.9,95.4384,24,2.47506,2.07226
-19.88,95.3881,24,2.47679,2.08121
-19.86,95.3378,24,2.47852,2.09011
-19.84,95.2875,24,2.48026,2.09898
-19.82,95.2371,24,2.482,2.10781
-19.8,95.1867,24,2.48373,2.11659
-19.78,95.1363,24,2.48547,2.12534
-19.76,95.0858,24,2.48721,2.13405
-19.74,95.0354,24,2.48896,2.14271
-19.72,94.9849,24,2.4907,2.15133
-19.7,94.9343,24,2.49244,2.15991
-19.68,94.8838,24,2.49419,2.16844
-19.66,94.8332,24,2.49593,2.17693
-19.64,94.7826,24,2.49768,2.18537
-19.62,94.732,24,2.49943,2.19376
-19.6,94.6813,24,2.50118,2.20211
-19.58,94.6306,24,2.50293,2.21041
-19.56,94.5799,24,2.50468,2.21866
-19.54,94.5292,24,2.50644,2.22686
-19.52,94.4784,24,2.50819,2.23501
-19.5,94.4281,24,2.50995,2.2431
-19.48,94.3773,24,2.51171,2.25115
-19.46,94.3264,24,2.51347,2.25914
-19.44,94.2755,24,2.51523,2.26708
-19.42,94.2246,24,2.51699,2.27497
-19.4,94.1737,24,2.51875,2.2828
-19.38,94.1227,24,2.52051,2.29058
-19.36,94.0717,24,2.52228,2.29829
-19.34,94.0207,24,2.52405,2.30595
-19.32,93.9696,24,2.52581,2.31356
-19.3,93.9185,24,2.52758,2.3211
-19.28,93.8674,24,2.52935,2.32858
-19.26,93.8163,24,2.53112,2.336
-19.24,93.7651,24,2.5329,2.34337
-19.22,93.714,24,2.53467,2.35066
-19.2,93.6627,24,2.53644,2.3579
-19.18,93.6115,24,2.53822,2.36507
-19.16,93.5602,24,2.54,2.37218
-19.14,93.5089,24,2.54178,2.37922
-19.12,93.4576,24,2.54356,2.3862
-19.1,93.4063,24,2.54534,2.39311
-19.08,93.3549,24,2.54712,2.39995
-19.06,93.3035,24,2.5489,2.40672
-19.04,93.2521,24,2.55069,2.41343
-19.02,93.2006,24,2.55247,2.42006
-19,93.1491,24,2.55426,2.42662
-18.98,93.0976,24,2.55605,2.43311
-18.96,93.0461,24,2.55784,2.43953
-18.94,92.9945,24,2.55963,2.44587
-18.92,92.9429,24,2.56142,2.45214
-18.9,92.8913,24,2.56322,2.45833
-18.88,92.8396,24,2.56501,2.46445
-18.86,92.7879,24,2.56681,2.47049
-18.84,92.7362,24,2.56861,2.47645
-18.82,92.6845,24,2.5704,2.48234
-18.8,92.6327,24,2.5722,2.48814
-18.78,92.5809,24,2.574,2.49387
-18.76,92.5291,24,2.57581,2.49951
-18.74,92.4772,24,2.57761,2.50507
-18.72,92.4254,24,2.57942,2.51055
-18.7,92.3735,24,2.58122,2.51595
-18.68,92.3215,24,2.58303,2.52126
-18.66,92.2696,24,2.58484,2.52648
-18.64,92.2176,24,2.58665,2.53162
-18.62,92.1655,24,2.58846,2.53667
-18.6,92.1135,24,2.59027,2.54164
-18.58,92.0614,24,2.59209,2.54651
-18.56,92.0093,24,2.5939,2.5513
-18.54,91.9572,24,2.59572,2.55599
-18.52,91.905,24,2.59754,2.5606
-18.5,91.8528,24,2.59935,2.56511
-18.48,91.8006,24,2.60117,2.56952
-18.46,91.7483,24,2.603,2.57385
-18.44,91.696,24,2.60482,2.57808
-18.42,91.6437,24,2.60664,2.58221
-18.4,91.5914,24,2.60847,2.58624
-18.38,91.539,24,2.61029,2.59018
-18.36,91.4866,24,2.61212,2.59402
-18.34,91.4342,24,2.61395,2.59776
-18.32,91.3817,24,2.61578,2.6014
-18.3,91.3292,24,2.61761,2.60494
-18.28,91.2767,24,2.61945,2.60838
-18.26,91.2242,24,2.62128,2.61171
-18.24,91.1716,24,2.62312,2.61494
-18.22,91.119,24,2.62495,2.61806
-18.2,91.0663,24,2.62679,2.62108
-18.18,91.0137,24,2.62863,2.62399
-18.16,90.961,24,2.63047,2.6268
-18.14,90.9082,24,2.63231,2.62949
-18.12,90.8555,24,2.63416,2.63208
-18.1,90.8027,24,2.636,2.63455
-18.08,90.7499,24,2.63785,2.63692
-18.06,90.697,24,2.63969,2.63917
-18.04,90.6442,24,2.64154,2.64131
-18.02,90.5912,24,2.64339,2.64333
-18,90.5383,24,2.64524,2.64524
-17.98,90.4853,24,2.6471,2.64725
-17.96,90.4323,24,2.64895,2.64955
-17.94,90.3793,24,2.6508,2.65216
-17.92,90.3262,24,2.65266,2.65508
-17.9,90.2732,24,2.65452,2.65829
-17.88,90.22,24,2.65638,2.6618
-17.86,90.1669,24,2.65824,2.66561
-17.84,90.1137,24,2.6601,2.66972
-17.82,90.0605,24,2.66196,2.67412
-17.8,90.0072,24,2.66382,2.67882
-17.78,89.954,24,2.66569,2.68381
-17.76,89.9007,24,2.66756,2.6891
-17.74,89.8473,24,2.66942,2.69468
-17.72,89.794,24,2.67129,2.70055
-17.7,89.7406,24,2.67316,2.70671
-17.68,89.6871,24,2.67504,2.71316
-17.66,89.6337,24,2.67691,2.7199
-17.64,89.5802,24,2.67878,2.72693
-17.62,89.5266,24,2.68066,2.73424
-17.6,89.4731,24,2.68254,2.74184
-17.58,89.4195,24,2.68442,2.74972
-17.56,89.3659,24,2.6863,2.75789
-17.54,89.3122,24,2.68818,2.76634
-17.52,89.2585,24,2.69006,2.77507
-17.5,89.2048,24,2.69194,2.78408
-17.48,89.1511,24,2.69383,2.79337
-17.46,89.0973,24,2.69571,2.80294
-17.44,89.0435,24,2.6976,2.81278
-17.42,88.9896,24,2.69949,2.82291
-17.4,88.9358,24,2.70138,2.8333
-17.38,88.8819,24,2.70327,2.84397
-17.36,88.8279,24,2.70517,2.85492
-17.34,88.774,24,2.70706,2.86614
-17.32,88.72,24,2.70896,2.87762
-17.3,88.6659,24,2.71085,2.88938
-17.28,88.6119,24,2.71275,2.90141
-17.26,88.5578,24,2.71465,2.91371
-17.24,88.5036,24,2.71655,2.92627
-17.22,88.4495,24,2.71845,2.9391
-17.2,88.3953,24,2.72036,2.9522
-17.18,88.341,24,2.72226,2.96555
-17.16,88.2868,24,2.72417,2.97918
-17.14,88.2325,24,2.72608,2.99306
-17.12,88.1782,24,2.72798,3.00721
-17.1,88.1238,24,2.72989,3.02162
-17.08,88.0694,24,2.73181,3.03628
-17.06,88.015,24,2.73372,3.05121
-17.04,87.9605,24,2.73563,3.06639
-17.02,87.906,24,2.73755,3.08182
-17,87.8515,24,2.73947,3.09752
-16.98,87.7969,24,2.74138,3.11346
-16.96,87.7423,24,2.7433,3.12967
-16.94,87.6877,24,2.74522,3.14612
-16.92,87.6331,24,2.74715,3.16282
-16.9,87.5784,24,2.74907,3.17978
-16.88,87.5236,24,2.751,3.19698
-16.86,87.4689,24,2.75292,3.21443
-16.84,87.4141,24,2.75485,3.23213
-16.82,87.3593,24,2.75678,3.25008
-16.8,87.3044,24,2.75871,3.26827
-16.78,87.2495,24,2.76064,3.2867
-16.76,87.1946,24,2.76257,3.30538
-16.74,87.1396,24,2.76451,3.3243
-16.72,87.0846,24,2.76644,3.34346
-16.7,87.0296,24,2.76838,3.36287
-16.68,86.9745,24,2.77032,3.38251
-16.66,86.9194,24,2.77226,3.40239
-16.64,86.8643,24,2.7742,3.42251
-16.62,86.8091,24,2.77614,3.44286
-16.6,86.7539,24,2.77809,3.46345
-16.58,86.6987,24,2.78003,3.48427
-16.56,86.6434,24,2.78198,3.50533
-16.54,86.5881,24,2.78393,3.52662
-16.52,86.5328,24,2.78588,3.54814
-16.5,86.4774,24,2.78783,3.56989
-16.48,86.422,24,2.78978,3.59187
-16.46,86.3665,24,2.79173,3.61408
-16.44,86.3111,24,2.79369,3.63651
-16.42,86.2555,24,2.79565,3.65917
-16.4,86.2,24,2.7976,3.68206
-16.38,86.1444,24,2.79956,3.70517
-16.36,86.0888,24,2.80152,3.72851
-16.34,86.0331,24,2.80348,3.75207
-16.32,85.9775,24,2.80545,3.77585
-16.3,85.9217,24,2.80741,3.79985
-16.28,85.866,24,2.80938,3.82407
-16.26,85.8102,24,2.81134,3.8485
-16.24,85.7543,24,2.81331,3.87316
-16.22,85.6985,24,2.81528,3.89803
-16.2,85.6426,24,2.81725,3.92312
-16.18,85.5866,24,2.81923,3.94842
-16.16,85.5307,24,2.8212,3.97393
-16.14,85.4746,24,2.82318,3.99966
-16.12,85.4186,24,2.82515,4.0256
-16.1,85.3625,24,2.82713,4.05175
-16.08,85.3064,24,2.82911,4.07811
-16.06,85.2502,24,2.83109,4.10467
-16.04,85.1941,24,2.83308,4.13145
-16.02,85.1378,24,2.83506,4.15843
-16,85.0816,24,2.83704,4.18562
-15.98,85.0253,24,2.83903,4.21301
-15.96,84.9689,24,2.84102,4.2406
-15.94,84.9126,24,2.84301,4.2684
-15.92,84.8561,24,2.845,4.2964
-15.9,84.7997,24,2.84699,4.3246
-15.88,84.7432,24,2.84899,4.353
-15.86,84.6867,24,2.85098,4.3816
-15.84,84.6301,24,2.85298,4.4104
-15.82,84.5735,24,2.85497,4.43939
-15.8,84.5169,24,2.85697,4.46858
-15.78,84.4602,24,2.85897,4.49796
-15.76,84.4035,24,2.86098,4.52754
-15.74,84.3468,24,2.86298,4.55731
-15.72,84.29,24,2.86498,4.58727
-15.7,84.2332,24,2.86699,4.61742
-15.68,84.1763,24,2.869,4.64777
-15.66,84.1194,24,2.87101,4.6783
-15.64,84.0625,24,2.87302,4.70902
-15.62,84.0055,24,2.87503,4.73992
-15.6,83.9485,24,2.87704,4.77101
-15.58,83.8915,24,2.87906,4.80229
-15.56,83.8344,24,2.88107,4.83375
-15.54,83.7773,24,2.88309,4.86539
-15.52,83.7201,24,2.88511,4.89722
-15.5,83.6629,24,2.88713,4.92923
-15.48,83.6057,24,2.88915,4.96141
-15.46,83.5484,24,2.89117,4.99378
-15.44,83.4911,24,2.8932,5.02632
-15.42,83.4338,24,2.89523,5.05904
-15.4,83.3764,24,2.89725,5.09194
-15.38,83.319,24,2.89928,5.12501
-15.36,83.2621,24,2.90131,5.15826
-15.34,83.2045,24,2.90334,5.19167
-15.32,83.147,24,2.90538,5.22527
-15.3,83.0894,24,2.90741,5.25903
-15.28,83.0317,24,2.90945,5.29296
-15.26,82.974,24,2.91148,5.32706
-15.24,82.9163,24,2.91352,5.36133
-15.22,82.8586,24,2.91556,5.39577
-15.2,82.8008,24,2.9176,5.43037
-15.18,82.7429,24,2.91965,5.46514
-15.16,82.6851,24,2.92169,5.50007
-15.14,82.6271,24,2.92374,5.53517
-15.12,82.5692,24,2.92579,5.57043
-15.1,82.5112,24,2.92783,5.60585
-15.08,82.4532,24,2.92988,5.64143
-15.06,82.3951,24,2.93194,5.67717
-15.04,82.337,24,2.93399,5.71307
-15.02,82.2788,24,2.93604,5.74913
-15,82.2206,24,2.9381,5.78534
-14.98,82.1624,24,2.94016,5.82171
-14.96,82.1042,24,2.94222,5.85823
-14.94,82.0458,24,2.94428,5.89491
-14.92,81.9875,24,2.94634,5.93174
-14.9,81.9291,24,2.9484,5.96872
-14.88,81.8707,24,2.95047,6.00585
-14.86,81.8122,24,2.95253,6.04313
-14.84,81.7537,24,2.9546,6.08056
-14.82,81.6951,24,2.95667,6.11814
-14.8,81.6366,24,2.95874,6.15586
-14.78,81.5779,24,2.96081,6.19373
-14.76,81.5193,24,2.96288,6.23175
-14.74,81.4605,24,2.96496,6.26991
-14.72,81.4018,24,2.96703,6.30821
-14.7,81.343,24,2.96911,6.34665
-14.68,81.2842,24,2.97119,6.38524
-14.66,81.2253,24,2.97327,6.42396
-14.64,81.1664,24,2.97535,6.46283
-14.62,81.1074,24,2.97744,6.50183
-14.6,81.0484,24,2.97952,6.54097
-14.58,80.9894,24,2.98161,6.58024
-14.56,80.9303,24,2.9837,6.61965
-14.54,80.8711,24,2.98579,6.6592
-14.52,80.812,24,2.98788,6.69888
-14.5,80.7528,24,2.98997,6.73869
-14.48,80.6935,24,2.99206,6.77863
-14.46,80.6342,24,2.99416,6.8187
-14.44,80.5749,24,2.99625,6.8589
-14.42,80.5155,24,2.99835,6.89923
-14.4,80.4561,24,3.00045,6.93969
-14.38,80.3966,24,3.00255,6.98027
-14.36,80.3371,24,3.00466,7.02098
-14.34,80.2775,24,3.00676,7.06181
-14.32,80.2179,24,3.00887,7.10277
-14.3,80.1583,24,3.01097,7.14385
-14.28,80.0986,24,3.01308,7.18505
-14.26,80.0389,24,3.01519,7.22638
-14.24,79.9791,24,3.0173,7.26782
-14.22,79.9193,24,3.01941,7.30938
-14.2,79.8595,24,3.02153,7.35106
-14.18,79.7996,24,3.02364,7.39285
-14.16,79.7396,24,3.02576,7.43476
-14.14,79.6796,24,3.02788,7.47679
-14.12,79.6196,24,3.03,7.51893
-14.1,79.5595,24,3.03212,7.56118
-14.08,79.4994,24,3.03425,7.60355
-14.06,79.4393,24,3.03637,7.64603
-14.04,79.3791,24,3.0385,7.68861
-14.02,79.3188,24,3.04062,7.73131
-14,79.2585,24,3.04275,7.77411
-13.98,79.1982,24,3.04488,7.81702
-13.96,79.1378,24,3.04702,7.86004
-13.94,79.0774,24,3.04915,7.90316
-13.92,79.0169,24,3.05129,7.94639
-13.9,78.9564,24,3.05342,7.98972
-13.88,78.8958,24,3.05556,8.03315
-13.86,78.8352,24,3.0577,8.07669
-13.84,78.7745,24,3.05984,8.12032
-13.82,78.7138,24,3.06198,8.16406
-13.8,78.6531,24,3.06413,8.20789
-13.78,78.5923,24,3.06627,8.25182
-13.76,78.5314,24,3.06842,8.29585
-13.74,78.4706,24,3.07057,8.33997
-13.72,78.4096,24,3.07272,8.38419
-13.7,78.3487,24,3.07487,8.4285
-13.68,78.2876,24,3.07702,8.47291
-13.66,78.2266,24,3.07918,8.51741
-13.64,78.1655,24,3.08134,8.56199
-13.62,78.1043,24,3.08349,8.60667
-13.6,78.0431,24,3.08565,8.65144
-13.58,77.9818,24,3.08781,8.69629
-13.56,77.9205,24,3.08997,8.74124
-13.54,77.8592,24,3.09214,8.78627
-13.52,77.7978,24,3.0943,8.83138
-13.5,77.7363,24,3.09647,8.87658
-13.48,77.6748,24,3.09864,8.92186
-13.46,77.6133,24,3.10081,8.96722
-13.44,77.5517,24,3.10298,9.01267
-13.42,77.4901,24,3.10515,9.05819
-13.4,77.4284,24,3.10733,9.1038
-13.38,77.3667,24,3.1095,9.14948
-13.36,77.3049,24,3.11168,9.19525
-13.34,77.2431,24,3.11386,9.24109
-13.32,77.1812,24,3.11604,9.287
-13.3,77.1193,24,3.11822,9.33299
-13.28,77.0573,24,3.12041,9.37905
-13.26,76.9953,24,3.12259,9.42519
-13.24,76.9332,24,3.12478,9.4714
-13.22,76.8711,24,3.12697,9.51768
-13.2,76.809,24,3.12915,9.56402
-13.18,76.7468,24,3.13135,9.61044
-13.16,76.6845,24,3.13354,9.65693
-13.14,76.6222,24,3.13573,9.70348
-13.12,76.5598,24,3.13793,9.7501
-13.1,76.4974,24,3.14013,9.79679
-13.08,76.435,24,3.14232,9.84354
-13.06,76.3724,24,3.14453,9.89035
-13.04,76.3099,24,3.14673,9.93723
-13.02,76.2473,24,3.14893,9.98417
-13,76.1846,24,3.15114,10.0312
-12.98,76.1219,24,3.15334,10.0782
-12.96,76.0592,24,3.15555,10.1253
-12.94,75.9964,24,3.15776,10.1725
-12.92,75.9335,24,3.15997,10.2197
-12.9,75.8706,24,3.16218,10.267
-12.88,75.8076,24,3.1644,10.3144
-12.86,75.7446,24,3.16661,10.3618
-12.84,75.6816,24,3.16883,10.4092
-12.82,75.6184,24,3.17105,10.4567
-12.8,75.5553,24,3.17327,10.5043
-12.78,75.4921,24,3.17549,10.5519
-12.76,75.4288,24,3.17772,10.5995
-12.74,75.3655,24,3.17994,10.6472
-12.72,75.3021,24,3.18217,10.695
-12.7,75.2387,24,3.1844,10.7428
-12.68,75.1752,24,3.18663,10.7906
-12.66,75.1117,24,3.18886,10.8385
-12.64,75.0481,24,3.19109,10.8864
-12.62,74.9845,24,3.19333,10.9344
-12.6,74.9208,24,3.19556,10.9824
-12.58,74.8577,24,3.1978,11.0305
-12.56,74.7938,24,3.20004,11.0786
-12.54,74.73,24,3.20228,11.1267
-12.52,74.666,24,3.20452,11.1749
-12.5,74.602,24,3.20677,11.2231
-12.48,74.538,24,3.20901,11.2713
-12.46,74.4739,24,3.21126,11.3196
-12.44,74.4098,24,3.21351,11.3679
-12.42,74.3456,24,3.21576,11.4163
-12.4,74.2813,24,3.21801,11.4647
-12.38,74.217,24,3.22026,11.5131
-12.36,74.1527,24,3.22252,11.5615
-12.34,74.0883,24,3.22477,11.61
-12.32,74.0238,24,3.22703,11.6585
-12.3,73.9593,24,3.22929,11.707
-12.28,73.8948,24,3.23155,11.7556
-12.26,73.8302,24,3.23382,11.8042
-12.24,73.7655,24,3.23608,11.8528
-12.22,73.7008,24,3.23835,11.9014
-12.2,73.636,24,3.24061,11.9501
-12.18,73.5712,24,3.24288,11.9987
-12.16,73.5063,24,3.24515,12.0474
-12.14,73.4414,24,3.24743,12.0962
-12.12,73.3764,24,3.2497,12.1449
-12.1,73.3114,24,3.25198,12.1937
-12.08,73.2463,24,3.25425,12.2424
-12.06,73.1811,24,3.25653,12.2912
-12.04,73.1159,24,3.25881,12.34
-12.02,73.0507,24,3.26109,12.3889
-12,72.9854,24,3.26338,12.4377
-11.98,72.92,24,3.26566,12.4866
-11.96,72.8546,24,3.26795,12.5354
-11.94,72.7891,24,3.27024,12.5843
-11.92,72.7235,24,3.27253,12.6332
-11.9,72.6579,24,3.27482,12.6821
-11.88,72.5923,24,3.27711,12.731
-11.86,72.5266,24,3.27941,12.7799
-11.84,72.4608,24,3.2817,12.8288
-11.82,72.395,24,3.284,12.8777
-11.8,72.3291,24,3.2863,12.9266
-11.78,72.2631,24,3.2886,12.9756
-11.76,72.1971,24,3.29091,13.0245
-11.74,72.1314,24,3.29321,13.0734
-11.72,72.065,24,3.29552,13.1224
-11.7,71.9988,24,3.29782,13.1713
-11.68,71.9326,24,3.30013,13.2203
-11.66,71.8666,24,3.30244,13.2692
-11.64,71.7999,24,3.30476,13.3181
-11.62,71.7335,24,3.30707,13.3671
-11.6,71.667,24,3.30939,13.416
-11.58,71.6004,24,3.3117,13.4649
-11.56,71.5339,24,3.31402,13.5138
-11.54,71.4672,24,3.31634,13.5627
-11.52,71.4005,24,3.31867,13.6116
-11.5,71.3337,24,3.32099,13.6605
-11.48,71.2669,24,3.32332,13.7094
-11.46,71.2,24,3.32564,13.7582
-11.44,71.133,24,3.32797,13.8071
-11.42,71.066,24,3.3303,13.8559
-11.4,70.9989,24,3.33263,13.9048
-11.38,70.9318,24,3.33497,13.9536
-11.36,70.8646,24,3.3373,14.0024
-11.34,70.7974,24,3.33964,14.0512
-11.32,70.73,24,3.34198,14.0999
-11.3,70.6627,24,3.34432,14.1487
-11.28,70.5952,24,3.34666,14.1974
-11.26,70.5277,24,3.349,14.2461
-11.24,70.4602,24,3.35135,14.2948
-11.22,70.3925,24,3.3537,14.3435
-11.2,70.3248,24,3.35604,14.3921
-11.18,70.2571,24,3.35839,14.4407
-11.16,70.1893,24,3.36075,14.4893
-11.14,70.1214,24,3.3631,14.5379
-11.12,70.0535,24,3.36545,14.5864
-11.1,69.9855,24,3.36781,14.635
-11.08,69.9174,24,3.37017,14.6834
-11.06,69.8493,24,3.37253,14.7319
-11.04,69.7811,24,3.37489,14.7803
-11.02,69.7129,24,3.37725,14.8287
-11,69.6446,24,3.37962,14.8771
-10.98,69.5762,24,3.38199,14.9254
-10.96,69.5078,24,3.38435,14.9737
-10.94,69.4393,24,3.38672,15.022
-10.92,69.3708,24,3.3891,15.0702
-10.9,69.3021,24,3.39147,15.1184
-10.88,69.2335,24,3.39384,15.1666
-10.86,69.1647,24,3.39622,15.2147
-10.84,69.0959,24,3.3986,15.2628
-10.82,69.0271,24,3.40098,15.3108
-10.8,68.9581,24,3.40336,15.3588
-10.78,68.8884,24,3.40574,15.4068
-10.76,68.8193,24,3.40813,15.4547
-10.74,68.7501,24,3.41051,15.5026
-10.72,68.6808,24,3.4129,15.5504
-10.7,68.6115,24,3.41529,15.5982
-10.68,68.5421,24,3.41768,15.6459
-10.66,68.4727,24,3.42008,15.6936
-10.64,68.4032,24,3.42247,15.7412
-10.62,68.3336,24,3.42487,15.7888
-10.6,68.2639,24,3.42727,15.8364
-10.58,68.1942,24,3.42967,15.8839
-10.56,68.1244,24,3.43207,15.9313
-10.54,68.0545,24,3.43447,15.9787
-10.52,67.9846,24,3.43688,16.026
-10.5,67.9146,24,3.43928,16.0733
-10.48,67.8445,24,3.44169,16.1205
-10.46,67.7744,24,3.4441,16.1677
-10.44,67.7042,24,3.44651,16.2148
-10.42,67.6339,24,3.44893,16.2619
-10.4,67.5636,24,3.45134,16.3089
-10.38,67.4931,24,3.45376,16.3558
-10.36,67.4226,24,3.45618,16.4027
-10.34,67.3521,24,3.4586,16.4495
-10.32,67.2815,24,3.46102,16.4963
-10.3,67.2108,24,3.46344,16.5429
-10.28,67.14,24,3.46587,16.5896
-10.26,67.0691,24,3.46829,16.6361
-10.24,66.9982,24,3.47072,16.6826
-10.22,66.9272,24,3.47315,16.729
-10.2,66.8562,24,3.47559,16.7754
-10.18,66.785,24,3.47802,16.8217
-10.16,66.7138,24,3.48045,16.8679
-10.14,66.6425,24,3.48289,16.9141
-10.12,66.5712,24,3.48533,16.9602
-10.1,66.4998,24,3.48777,17.0062
-10.08,66.4283,24,3.49021,17.0521
-10.06,66.3567,24,3.49266,17.098
-10.04,66.2851,24,3.4951,17.1437
-10.02,66.2133,24,3.49755,17.1895
-10,66.1415,24,3.5,17.2351
-9.98,66.0697,24,3.50245,17.2807
-9.96,65.9977,24,3.5049,17.3261
-9.94,65.9257,24,3.50736,17.3715
-9.92,65.8536,24,3.50981,17.4169
-9.9,65.7814,24,3.51227,17.4621
-9.88,65.7092,24,3.51473,17.5073
-9.86,65.6369,24,3.51719,17.5523
-9.84,65.5645,24,3.51965,17.5973
-9.82,65.492,24,3.52212,17.6422
-9.8,65.4195,24,3.52459,17.687
-9.78,65.3468,24,3.52705,17.7318
-9.76,65.2741,24,3.52952,17.7764
-9.74,65.2013,24,3.532,17.821
-9.72,65.1285,24,3.53447,17.8655
-9.7,65.0556,24,3.53694,17.9099
-9.68,64.9825,24,3.53942,17.9541
-9.66,64.9094,24,3.5419,17.9983
-9.64,64.8363,24,3.54438,18.0425
-9.62,64.763,24,3.54686,18.0865
-9.6,64.6897,24,3.54934,18.1304
-9.58,64.6163,24,3.55183,18.1742
-9.56,64.5428,24,3.55432,18.218
-9.54,64.4692,24,3.55681,18.2616
-9.52,64.3956,24,3.5593,18.3051
-9.5,64.3219,24,3.56179,18.3486
-9.48,64.248,24,3.56428,18.3919
-9.46,64.1742,24,3.56678,18.4351
-9.44,64.1002,24,3.56928,18.4783
-9.42,64.0261,24,3.57178,18.5213
-9.4,63.952,24,3.57428,18.5642
-9.38,63.8778,24,3.57678,18.6071
-9.36,63.8035,24,3.57928,18.6498
-9.34,63.7291,24,3.58179,18.6924
-9.32,63.6547,24,3.5843,18.7349
-9.3,63.5801,24,3.58681,18.7773
-9.28,63.5055,24,3.58932,18.8196
-9.26,63.4308,24,3.59183,18.8618
-9.24,63.356,24,3.59435,18.9039
-9.22,63.2811,24,3.59687,18.9459
-9.2,63.2061,24,3.59938,18.9877
-9.18,63.1311,24,3.60191,19.0295
-9.16,63.056,24,3.60443,19.0711
-9.14,62.9808,24,3.60695,19.1126
-9.12,62.9055,24,3.60948,19.154
-9.1,62.8301,24,3.612,19.1953
-9.08,62.7546,24,3.61453,19.2365
-9.06,62.679,24,3.61707,19.2776
-9.04,62.6034,24,3.6196,19.3185
-9.02,62.5277,24,3.62213,19.3593
-9,62.4518,24,3.62467,19.4
-8.98,62.3759,24,3.62721,19.4406
-8.96,62.2999,24,3.62975,19.481
-8.94,62.2239,24,3.63229,19.5214
-8.92,62.1477,24,3.63483,19.5616
-8.9,62.0714,24,3.63738,19.6017
-8.88,61.9951,24,3.63992,19.6416
-8.86,61.9187,24,3.64247,19.6815
-8.84,61.8421,24,3.64502,19.7212
-8.82,61.7655,24,3.64758,19.7608
-8.8,61.6888,24,3.65013,19.8002
-8.78,61.612,24,3.65269,19.8395
-8.76,61.5352,24,3.65524,19.8787
-8.74,61.4582,24,3.6578,19.9178
-8.72,61.3811,24,3.66037,19.9567
-8.7,61.304,24,3.66293,19.9955
-8.68,61.2267,24,3.66549,20.0342
-8.66,61.1494,24,3.66806,20.0727
-8.64,61.072,24,3.67063,20.1111
-8.62,60.9944,24,3.6732,20.1493
-8.6,60.9168,24,3.67577,20.1874
-8.58,60.8391,24,3.67835,20.2254
-8.56,60.7613,24,3.68092,20.2633
-8.54,60.6834,24,3.6835,20.301
-8.52,60.6055,24,3.68608,20.3385
-8.5,60.5274,24,3.68866,20.3759
-8.48,60.4492,24,3.69124,20.4132
-8.46,60.3709,24,3.69383,20.4504
-8.44,60.2926,24,3.69641,20.4873
-8.42,60.2141,24,3.699,20.5242
-8.4,60.1355,24,3.70159,20.5609
-8.38,60.0569,24,3.70418,20.5974
-8.36,59.9782,24,3.70678,20.6339
-8.34,59.8993,24,3.70937,20.6701
-8.32,59.8204,24,3.71197,20.7062
-8.3,59.7413,24,3.71457,20.7422
-8.28,59.6622,24,3.71717,20.778
-8.26,59.583,24,3.71977,20.8136
-8.24,59.5036,24,3.72238,20.8492
-8.22,59.4242,24,3.72499,20.8845
-8.2,59.3447,24,3.72759,20.9197
-8.18,59.265,24,3.7302,20.9547
-8.16,59.1853,24,3.73282,20.9896
-8.14,59.1055,24,3.73543,21.0244
-8.12,59.0256,24,3.73805,21.0589
-8.1,58.9455,24,3.74066,21.0934
-8.08,58.8646,24,3.74328,21.1276
-8.06,58.7843,24,3.7459,21.1617
-8.04,58.7039,24,3.74853,21.1956
-8.02,58.6235,24,3.75115,21.2294
-8,58.5429,24,3.75378,21.263
-7.98,58.4622,24,3.75641,21.2965
-7.96,58.3814,24,3.75904,21.3298
-7.94,58.3005,24,3.76167,21.3629
-7.92,58.2195,24,3.7643,21.3958
-7.9,58.1384,24,3.76694,21.4286
-7.88,58.0572,24,3.76958,21.4612
-7.86,57.9759,24,3.77222,21.4937
-7.84,57.8945,24,3.77486,21.526
-7.82,57.813,24,3.7775,21.5581
-7.8,57.7313,24,3.78015,21.59
-7.78,57.6496,24,3.78279,21.6218
-7.76,57.5677,24,3.78544,21.6534
-7.74,57.4858,24,3.78809,21.6848
-7.72,57.4037,24,3.79075,21.7161
-7.7,57.3215,24,3.7934,21.7472
-7.68,57.2392,24,3.79606,21.7781
-7.66,57.1568,24,3.79872,21.8088
-7.64,57.0743,24,3.80138,21.8393
-7.62,56.9917,24,3.80404,21.8697
-7.6,56.909,24,3.8067,21.8999
-7.58,56.8261,24,3.80937,21.9299
-7.56,56.7432,24,3.81203,21.9597
-7.54,56.6601,24,3.8147,21.9894
-7.52,56.5769,24,3.81737,22.0189
-7.5,56.4936,24,3.82005,22.0481
-7.48,56.4102,24,3.82272,22.0772
-7.46,56.3267,24,3.8254,22.1062
-7.44,56.243,24,3.82808,22.1349
-7.42,56.1593,24,3.83076,22.1634
-7.4,56.0754,24,3.83344,22.1918
-7.38,55.9914,24,3.83613,22.22
-7.36,55.9073,24,3.83881,22.2479
-7.34,55.8231,24,3.8415,22.2757
-7.32,55.7387,24,3.84419,22.3033
-7.3,55.6543,24,3.84688,22.3307
-7.28,55.5697,24,3.84958,22.3579
-7.26,55.485,24,3.85227,22.385
-7.24,55.4002,24,3.85497,22.4118
-7.22,55.3152,24,3.85767,22.4384
-7.2,55.2302,24,3.86037,22.4649
-7.18,55.145,24,3.86307,22.4911
-7.16,55.0597,24,3.86578,22.5172
-7.14,54.9743,24,3.86849,22.543
-7.12,54.8887,24,3.87119,22.5687
-7.1,54.803,24,3.8739,22.5941
-7.08,54.7173,24,3.87662,22.6194
-7.06,54.6313,24,3.87933,22.6444
-7.04,54.5453,24,3.88205,22.6693
-7.02,54.4591,24,3.88477,22.6939
-7,54.3728,24,3.88749,22.7184
-6.98,54.2864,24,3.89021,22.7426
-6.96,54.1999,24,3.89293,22.7666
-6.94,54.1132,24,3.89566,22.7905
-6.92,54.0264,24,3.89839,22.8141
-6.9,53.9394,24,3.90112,22.8375
-6.88,53.8524,24,3.90385,22.8607
-6.86,53.7652,24,3.90658,22.8837
-6.84,53.6779,24,3.90932,22.9065
-6.82,53.5904,24,3.91206,22.9291
-6.8,53.5028,24,3.9148,22.9514
-6.78,53.4151,24,3.91754,22.9736
-6.76,53.3273,24,3.92028,22.9955
-6.74,53.2393,24,3.92302,23.0173
-6.72,53.1512,24,3.92577,23.0388
-6.7,53.0629,24,3.92852,23.0601
-6.68,52.9745,24,3.93127,23.0811
-6.66,52.886,24,3.93402,23.102
-6.64,52.7974,24,3.93678,23.1227
-6.62,52.7086,24,3.93954,23.1431
-6.6,52.6197,24,3.94229,23.1633
-6.58,52.5306,24,3.94506,23.1833
-6.56,52.4414,24,3.94782,23.203
-6.54,52.352,24,3.95058,23.2226
-6.52,52.2626,24,3.95335,23.2419
-6.5,52.1729,24,3.95612,23.261
-6.48,52.0832,24,3.95889,23.2799
-6.46,51.9933,24,3.96166,23.2985
-6.44,51.9032,24,3.96443,23.317
-6.42,51.8131,24,3.96721,23.3352
-6.4,51.7227,24,3.96999,23.3531
-6.38,51.6323,24,3.97277,23.3709
-6.36,51.5416,24,3.97555,23.3884
-6.34,51.4509,24,3.97833,23.4057
-6.32,51.36,24,3.98112,23.4227
-6.3,51.2689,24,3.98391,23.4395
-6.28,51.1777,24,3.9867,23.4561
-6.26,51.0864,24,3.98949,23.4725
-6.24,50.9949,24,3.99228,23.4886
-6.22,50.9032,24,3.99508,23.5045
-6.2,50.8115,24,3.99787,23.5202
-6.18,50.7195,24,4.00067,23.5356
-6.16,50.6274,24,4.00348,23.5508
-6.14,50.5352,24,4.00628,23.5657
-6.12,50.4428,24,4.00908,23.5804
-6.1,50.3502,24,4.01189,23.5949
-6.08,50.2575,24,4.0147,23.6091
-6.06,50.1647,24,4.01751,23.6231
-6.04,50.0717,24,4.02033,23.6368
-6.02,49.9785,24,4.02314,23.6504
-6,49.8852,24,4.02596,23.6636
-5.98,49.7917,24,4.02878,23.6766
-5.96,49.698,24,4.0316,23.6894
-5.94,49.6042,24,4.03442,23.7019
-5.92,49.5103,24,4.03725,23.7142
-5.9,49.4162,24,4.04007,23.7262
-5.88,49.3219,24,4.0429,23.738
-5.86,49.2275,24,4.04573,23.7496
-5.84,49.1329,24,4.04857,23.7609
-5.82,49.0381,24,4.0514,23.7719
-5.8,48.9432,24,4.05424,23.7827
-5.78,48.8481,24,4.05708,23.7932
-5.76,48.7528,24,4.05992,23.8035
-5.74,48.6574,24,4.06276,23.8136
-5.72,48.5618,24,4.06561,23.8233
-5.7,48.466,24,4.06845,23.8329
-5.68,48.3701,24,4.0713,23.8421
-5.66,48.274,24,4.07415,23.8511
-5.64,48.1777,24,4.07701,23.8599
-5.62,48.0813,24,4.07986,23.8684
-5.6,47.9847,24,4.08272,23.8766
-5.58,47.8879,24,4.08558,23.8846
-5.56,47.791,24,4.08844,23.8923
-5.54,47.6938,24,4.0913,23.8998
-5.52,47.5965,24,4.09417,23.907
-5.5,47.4991,24,4.09703,23.9139
-5.48,47.4014,24,4.0999,23.9206
-5.46,47.3036,24,4.10277,23.927
-5.44,47.2056,24,4.10565,23.9332
-5.42,47.1074,24,4.10852,23.9391
-5.4,47.009,24,4.1114,23.9447
-5.38,46.9104,24,4.11428,23.95
-5.36,46.8117,24,4.11716,23.9551
-5.34,46.7128,24,4.12004,23.9599
-5.32,46.6137,24,4.12293,23.9645
-5.3,46.5144,24,4.12581,23.9687
-5.28,46.4149,24,4.1287,23.9727
-5.26,46.3153,24,4.13159,23.9765
-5.24,46.2154,24,4.13449,23.9799
-5.22,46.1154,24,4.13738,23.9831
-5.2,46.0152,24,4.14028,23.986
-5.18,45.9148,24,4.14318,23.9887
-5.16,45.8142,24,4.14608,23.9911
-5.14,45.7134,24,4.14898,23.9931
-5.12,45.6124,24,4.15189,23.995
-5.1,45.5112,24,4.15479,23.9965
-5.08,45.4098,24,4.1577,23.9978
-5.06,45.3083,24,4.16062,23.9987
-5.04,45.2065,24,4.16353,23.9994
-5.02,45.1045,24,4.16644,23.9999
-5,45.0024,24,4.16936,24
-4.98,44.9,24,4.16644,24
-4.96,44.7975,24,4.16353,24
-4.94,44.6947,24,4.16062,24
-4.92,44.5917,24,4.1577,24
-4.9,44.4886,24,4.15479,24
-4.88,44.3852,24,4.15189,24
-4.86,44.2816,24,4.14898,24
-4.84,44.1778,24,4.14608,24
-4.82,44.0738,24,4.14318,24
-4.8,43.9696,24,4.14028,24
-4.78,43.8652,24,4.13738,24
-4.76,43.7606,24,4.13449,24
-4.74,43.6547,24,4.13159,24
-4.72,43.5496,24,4.1287,24
-4.7,43.4443,24,4.12581,24
-4.68,43.3387,24,4.12293,24
-4.66,43.233,24,4.12004,24
-4.64,43.127,24,4.11716,24
-4.62,43.0208,24,4.11428,24
-4.6,42.9144,24,4.1114,24
-4.58,42.8078,24,4.10852,24
-4.56,42.7009,24,4.10565,24
-4.54,42.5938,24,4.10277,24
-4.52,42.4865,24,4.0999,24
-4.5,42.379,24,4.09703,24
-4.48,42.2712,24,4.09417,24
-4.46,42.1632,24,4.0913,24
-4.44,42.055,24,4.08844,24
-4.42,41.9465,24,4.08558,24
-4.4,41.8378,24,4.08272,24
-4.38,41.7289,24,4.07986,24
-4.36,41.6197,24,4.07701,24
-4.34,41.5103,24,4.07415,24
-4.32,41.4006,24,4.0713,24
-4.3,41.2907,24,4.06845,24
-4.28,41.1806,24,4.06561,24
-4.26,41.0702,24,4.06276,24
-4.24,40.9596,24,4.05992,24
-4.22,40.8487,24,4.05708,24
-4.2,40.7376,24,4.05424,24
-4.18,40.6263,24,4.0514,24
-4.16,40.5146,24,4.04857,24
-4.14,40.4028,24,4.04573,24
-4.12,40.2907,24,4.0429,24
-4.1,40.1783,24,4.04007,24
-4.08,40.0657,24,4.03725,24
-4.06,39.9528,24,4.03442,24
-4.04,39.8396,24,4.0316,24
-4.02,39.7262,24,4.02878,24
-4,39.6126,24,4.02596,24
-3.98,39.4986,24,4.02314,24
-3.96,39.3844,24,4.02033,24
-3.94,39.27,24,4.01751,24
-3.92,39.1553,24,4.0147,24
-3.9,39.0403,24,4.01189,24
-3.88,38.925,24,4.00908,24
-3.86,38.8095,24,4.00628,24
-3.84,38.6936,24,4.00348,24
-3.82,38.5776,24,4.00067,24
-3.8,38.4612,24,3.99787,24
-3.78,38.3446,24,3.99508,24
-3.76,38.2276,24,3.99228,24
-3.74,38.1104,24,3.98949,24
-3.72,37.993,24,3.9867,24
-3.7,37.8752,24,3.98391,24
-3.68,37.7571,24,3.98112,24
-3.66,37.6388,24,3.97833,24
-3.64,37.5202,24,3.97555,24
-3.62,37.4012,24,3.97277,24
-3.6,37.282,24,3.96999,24
-3.58,37.1625,24,3.96721,24
-3.56,37.0427,24,3.96443,24
-3.54,36.9226,24,3.96166,24
-3.52,36.8022,24,3.95889,24
-3.5,36.6815,24,3.95612,24
-3.48,36.5605,24,3.95335,24
-3.46,36.4392,24,3.95058,24
-3.44,36.3176,24,3.94782,24
-3.42,36.1957,24,3.94506,24
-3.4,36.0735,24,3.94229,24
-3.38,35.951,24,3.93954,24
-3.36,35.8281,24,3.93678,24
-3.34,35.705,24,3.93402,24
-3.32,35.5815,24,3.93127,24
-3.3,35.4577,24,3.92852,24
-3.28,35.3336,24,3.92577,24
-3.26,35.2092,24,3.92302,24
-3.24,35.0845,24,3.92028,24
-3.22,34.9594,24,3.91754,24
-3.2,34.834,24,3.9148,24
-3.18,34.7083,24,3.91206,24
-3.16,34.5823,24,3.90932,24
-3.14,34.4559,24,3.90658,24
-3.12,34.3292,24,3.90385,24
-3.1,34.2021,24,3.90112,24
-3.08,34.0748,24,3.89839,24
-3.06,33.9471,24,3.89566,24
-3.04,33.819,24,3.89293,24
-3.02,33.6906,24,3.89021,24
-3,33.5619,24,3.88749,24
-2.98,33.4329,24,3.88477,24
-2.96,33.3035,24,3.88205,24
-2.94,33.1737,24,3.87933,24
-2.92,33.0436,24,3.87662,24
-2.9,32.9132,24,3.8739,24
-2.88,32.7824,24,3.87119,24
-2.86,32.6512,24,3.86849,24
-2.84,32.5197,24,3.86578,24
-2.82,32.3879,24,3.86307,24
-2.8,32.2557,24,3.86037,24
-2.78,32.1231,24,3.85767,24
-2.76,31.9902,24,3.85497,24
-2.74,31.8569,24,3.85227,24
-2.72,31.7233,24,3.84958,24
-2.7,31.5893,24,3.84688,24
-2.68,31.4549,24,3.84419,24
-2.66,31.3202,24,3.8415,24
-2.64,31.1851,24,3.83881,24
-2.62,31.0497,24,3.83613,24
-2.6,30.9139,24,3.83344,24
-2.58,30.7777,24,3.83076,24
-2.56,30.6411,24,3.82808,24
-2.54,30.5042,24,3.8254,24
-2.52,30.3669,24,3.82272,24
-2.5,30.2293,24,3.82005,24
-2.48,30.0912,24,3.81737,24
-2.46,29.9528,24,3.8147,24
-2.44,29.8141,24,3.81203,24
-2.42,29.6749,24,3.80937,24
-2.4,29.5354,24,3.8067,24
-2.38,29.3955,24,3.80404,24
-2.36,29.2553,24,3.80138,24
-2.34,29.1146,24,3.79872,24
-2.32,28.9736,24,3.79606,24
-2.3,28.8323,24,3.7934,24
-2.28,28.6905,24,3.79075,24
-2.26,28.5484,24,3.78809,24
-2.24,28.4059,24,3.78544,24
-2.22,28.2631,24,3.78279,24
-2.2,28.1183,24,3.78015,24
-2.18,27.9746,24,3.7775,24
-2.16,27.8305,24,3.77486,24
-2.14,27.6861,24,3.77222,24
-2.12,27.5413,24,3.76958,24
-2.1,27.3961,24,3.76694,24
-2.08,27.2506,24,3.7643,24
-2.06,27.1046,24,3.76167,24
-2.04,26.9584,24,3.75904,24
-2.02,26.8117,24,3.75641,24
-2,26.6647,24,3.75378,24
-1.98,26.5173,24,3.75115,24
-1.96,26.3696,24,3.74853,24
-1.94,26.2216,24,3.7459,24
-1.92,26.0731,24,3.74328,24
-1.9,25.9244,24,3.74066,24
-1.88,25.7752,24,3.73805,24
-1.86,25.6258,24,3.73543,24
-1.84,25.476,24,3.73282,24
-1.82,25.3259,24,3.7302,24
-1.8,25.1754,24,3.72759,24
-1.78,25.0246,24,3.72499,24
-1.76,24.8735,24,3.72238,24
-1.74,24.7221,24,3.71977,24
-1.72,24.5704,24,3.71717,24
-1.7,24.4184,24,3.71457,24
-1.68,24.2661,24,3.71197,24
-1.66,24.1135,24,3.70937,24
-1.64,23.9606,23.9606,3.70678,23.9606
-1.62,23.8074,23.8074,3.70418,23.8074
-1.6,23.654,23.654,3.70159,23.654
-1.58,23.5003,23.5003,3.699,23.5003
-1.56,23.3464,23.3464,3.69641,23.3464
-1.54,23.1922,23.1922,3.69383,23.1922
-1.52,23.0378,23.0378,3.69124,23.0378
-1.5,22.8832,22.8832,3.68866,22.8832
-1.48,22.7283,22.7283,3.68608,22.7283
-1.46,22.5733,22.5733,3.6835,22.5733
-1.44,22.418,22.418,3.68092,22.418
-1.42,22.2626,22.2626,3.67835,22.2626
-1.4,22.107,22.107,3.67577,22.107
-1.38,21.9513,21.9513,3.6732,21.9513
-1.36,21.7954,21.7954,3.67063,21.7954
-1.34,21.6394,21.6394,3.66806,21.6394
-1.32,21.4833,21.4833,3.66549,21.4833
-1.3,21.3271,21.3271,3.66293,21.3271
-1.28,21.1708,21.1708,3.66037,21.1708
-1.26,21.0144,21.0144,3.6578,21.0144
-1.24,20.858,20.858,3.65524,20.858
-1.22,20.7016,20.7016,3.65269,20.7016
-1.2,20.5451,20.5451,3.65013,20.5451
-1.18,20.3886,20.3886,3.64758,20.3886
-1.16,20.2322,20.2322,3.64502,20.2322
-1.14,20.0757,20.0757,3.64247,20.0757
-1.12,19.9194,19.9194,3.63992,19.9194
-1.1,19.7631,19.7631,3.63738,19.7631
-1.08,19.6069,19.6069,3.63483,19.6069
-1.06,19.4509,19.4509,3.63229,19.4509
-1.04,19.2949,19.2949,3.62975,19.2949
-1.02,19.1392,19.1392,3.62721,19.1392
-1,18.9836,18.9836,3.62467,18.9836
-0.98,18.8282,18.8282,3.62213,18.8282
-0.96,18.6731,18.6731,3.6196,18.6731
-0.94,18.5182,18.5182,3.61707,18.5182
-0.92,18.3636,18.3636,3.61453,18.3636
-0.9,18.2093,18.2093,3.612,18.2093
-0.88,18.0554,18.0554,3.60948,18.0554
-0.86,17.9018,17.9018,3.60695,17.9018
-0.84,17.7486,17.7486,3.60443,17.7486
-0.82,17.5958,17.5958,3.60191,17.5958
-0.8,17.4434,17.4434,3.59938,17.4434
-0.78,17.2915,17.2915,3.59687,17.2915
-0.76,17.1401,17.1401,3.59435,17.1401
-0.74,16.9892,16.9892,3.59183,16.9892
-0.72,16.8388,16.8388,3.58932,16.8388
-0.7,16.689,16.689,3.58681,16.689
-0.68,16.5398,16.5398,3.5843,16.5398
-0.66,16.3913,16.3913,3.58179,16.3913
-0.64,16.2434,16.2434,3.57928,16.2434
-0.62,16.0962,16.0962,3.57678,16.0962
-0.6,15.9496,15.9496,3.57428,15.9496
-0.58,15.8039,15.8039,3.57178,15.8039
-0.56,15.6589,15.6589,3.56928,15.6589
-0.54,15.5146,15.5146,3.56678,15.5146
-0.52,15.3712,15.3712,3.56428,15.3712
-0.5,15.2287,15.2287,3.56179,15.2287
-0.48,15.087,15.087,3.5593,15.087
-0.46,14.9462,14.9462,3.55681,14.9462
-0.44,14.8063,14.8063,3.55432,14.8063
-0.42,14.6673,14.6673,3.55183,14.6673
-0.4,14.5293,14.5293,3.54934,14.5293
-0.38,14.3923,14.3923,3.54686,14.3923
-0.36,14.2563,14.2563,3.54438,14.2563
-0.34,14.1214,14.1214,3.5419,14.1214
-0.32,13.9874,13.9874,3.53942,13.9874
-0.3,13.8546,13.8546,3.53694,13.8546
-0.28,13.7228,13.7228,3.53447,13.7228
-0.26,13.5921,13.5921,3.532,13.5921
-0.24,13.4626,13.4626,3.52952,13.4626
-0.22,13.3342,13.3342,3.52705,13.3342
-0.2,13.2069,13.2069,3.52459,13.2069
-0.18,13.0808,13.0808,3.52212,13.0808
-0.16,12.9559,12.9559,3.51965,12.9559
-0.14,12.8322,12.8322,3.51719,12.8322
-0.12,12.7097,12.7097,3.51473,12.7097
-0.1,12.5883,12.5883,3.51227,12.5883
-0.08,12.4682,12.4682,3.50981,12.4682
-0.06,12.3494,12.3494,3.50736,12.3494
-0.04,12.2317,12.2317,3.5049,12.2317
-0.02,12.1154,12.1154,3.50245,12.1154
0,12.0002,12.0002,3.5,12.0002
0.02,11.8863,11.8863,3.49755,11.8863
0.04,11.7737,11.7737,3.4951,11.7737
0.06,11.6623,11.6623,3.49266,11.6623
0.08,11.5522,11.5522,3.49021,11.5522
0.1,11.4433,11.4433,3.48777,11.4433
0.12,11.3357,11.3357,3.48533,11.3357
0.14,11.2294,11.2294,3.48289,11.2294
0.16,11.1243,11.1243,3.48045,11.1243
0.18,11.0204,11.0204,3.47802,11.0204
0.2,10.9178,10.9178,3.47559,10.9178
0.22,10.8165,10.8165,3.47315,10.8165
0.24,10.7164,10.7164,3.47072,10.7164
0.26,10.6175,10.6175,3.46829,10.6175
0.28,10.5199,10.5199,3.46587,10.5199
0.3,10.4235,10.4235,3.46344,10.4235
0.32,10.3282,10.3282,3.46102,10.3282
0.34,10.2342,10.2342,3.4586,10.2342
0.36,10.1414,10.1414,3.45618,10.1414
0.38,10.0498,10.0498,3.45376,10.0498
0.4,9.95939,9.95939,3.45134,9.95939
0.42,9.87013,9.87013,3.44893,9.87013
0.44,9.78203,9.78203,3.44651,9.78203
0.46,9.69507,9.69507,3.4441,9.69507
0.48,9.60925,9.60925,3.44169,9.60925
0.5,9.52456,9.52456,3.43928,9.52456
0.52,9.44099,9.44099,3.43688,9.44099
0.54,9.35852,9.35852,3.43447,9.35852
0.56,9.27714,9.27714,3.43207,9.27714
0.58,9.19685,9.19685,3.42967,9.19685
0.6,9.11762,9.11762,3.42727,9.11762
0.62,9.03944,9.03944,3.42487,9.03944
0.64,8.96231,8.96231,3.42247,8.96231
0.66,8.88621,8.88621,3.42008,8.88621
0.68,8.81113,8.81113,3.41768,8.81113
0.7,8.73705,8.73705,3.41529,8.73705
0.72,8.66396,8.66396,3.4129,8.66396
0.74,8.59185,8.59185,3.41051,8.59185
0.76,8.52071,8.52071,3.40813,8.52071
0.78,8.45052,8.45052,3.40574,8.45052
0.8,8.38127,8.38127,3.40336,8.38127
0.82,8.31295,8.31295,3.40098,8.31295
0.84,8.24554,8.24554,3.3986,8.24554
0.86,8.17903,8.17903,3.39622,8.17903
0.88,8.11341,8.11341,3.39384,8.11341
0.9,8.04866,8.04866,3.39147,8.04866
0.92,7.98478,7.98478,3.3891,7.98478
0.94,7.92174,7.92174,3.38672,7.92174
0.96,7.85954,7.85954,3.38435,7.85954
0.98,7.79817,7.79817,3.38199,7.79817
1,7.73761,7.73761,3.37962,7.73761
1.02,7.67785,7.67785,3.37725,7.67785
1.04,7.61888,7.61888,3.37489,7.61888
1.06,7.56068,7.56068,3.37253,7.56068
1.08,7.50325,7.50325,3.37017,7.50325
1.1,7.44657,7.44657,3.36781,7.44657
1.12,7.39063,7.39063,3.36545,7.39063
1.14,7.33542,7.33542,3.3631,7.33542
1.16,7.28093,7.28093,3.36075,7.28093
1.18,7.22714,7.22714,3.35839,7.22714
1.2,7.17405,7.17405,3.35604,7.17405
1.22,7.12164,7.12164,3.3537,7.12164
1.24,7.06991,7.06991,3.35135,7.06991
1.26,7.01884,7.01884,3.349,7.01884
1.28,6.96842,6.96842,3.34666,6.96842
1.3,6.91865,6.91865,3.34432,6.91865
1.32,6.8695,6.8695,3.34198,6.8695
1.34,6.82098,6.82098,3.33964,6.82098
1.36,6.77307,6.77307,3.3373,6.77307
1.38,6.72576,6.72576,3.33497,6.72576
1.4,6.67905,6.67905,3.33263,6.67905
1.42,6.63291,6.63291,3.3303,6.63291
1.44,6.58736,6.58736,3.32797,6.58736
1.46,6.54236,6.54236,3.32564,6.54236
1.48,6.49792,6.49792,3.32332,6.49792
1.5,6.45403,6.45403,3.32099,6.45403
1.52,6.41068,6.41068,3.31867,6.41068
1.54,6.36785,6.36785,3.31634,6.36785
1.56,6.32555,6.32555,3.31402,6.32555
1.58,6.28376,6.28376,3.3117,6.28376
1.6,6.24248,6.24248,3.30939,6.24248
1.62,6.20169,6.20169,3.30707,6.20169
1.64,6.16139,6.16139,3.30476,6.16139
1.66,6.12157,6.12157,3.30244,6.12157
1.68,6.08222,6.08222,3.30013,6.08222
1.7,6.04334,6.04334,3.29782,6.04334
1.72,6.00492,6.00492,3.29552,6.00492
1.74,5.96695,5.96695,3.29321,5.96695
1.76,5.92942,5.92942,3.29091,5.92942
1.78,5.89233,5.89233,3.2886,5.89233
1.8,5.85567,5.85567,3.2863,5.85567
1.82,5.81944,5.81944,3.284,5.81944
1.84,5.78362,5.78362,3.2817,5.78362
1.86,5.74821,5.74821,3.27941,5.74821
1.88,5.7132,5.7132,3.27711,5.7132
1.9,5.6786,5.6786,3.27482,5.6786
1.92,5.64438,5.64438,3.27253,5.64438
1.94,5.61055,5.61055,3.27024,5.61055
1.96,5.57711,5.57711,3.26795,5.57711
1.98,5.54403,5.54403,3.26566,5.54403
2,5.51132,5.51132,3.26338,5.51132
2.02,5.47898,5.47898,3.26109,5.47898
2.04,5.44699,5.44699,3.25881,5.44699
2.06,5.41535,5.41535,3.25653,5.41535
2.08,5.38406,5.38406,3.25425,5.38406
2.1,5.35311,5.35311,3.25198,5.35311
2.12,5.3225,5.3225,3.2497,5.3225
2.14,5.29222,5.29222,3.24743,5.29222
2.16,5.26226,5.26226,3.24515,5.26226
2.18,5.23263,5.23263,3.24288,5.23263
2.2,5.20331,5.20331,3.24061,5.20331
2.22,5.1743,5.1743,3.23835,5.1743
2.24,5.1456,5.1456,3.23608,5.1456
2.26,5.1172,5.1172,3.23382,5.1172
2.28,5.0891,5.0891,3.23155,5.0891
2.3,5.06129,5.06129,3.22929,5.06129
2.32,5.03377,5.03377,3.22703,5.03377
2.34,5.00654,5.00654,3.22477,5.00654
2.36,4.97959,4.97959,3.22252,4.97959
2.38,4.95291,4.95291,3.22026,4.95291
2.4,4.92651,4.92651,3.21801,4.92651
2.42,4.90037,4.90037,3.21576,4.90037
2.44,4.87451,4.87451,3.21351,4.87451
2.46,4.8489,4.8489,3.21126,4.8489
2.48,4.82355,4.82355,3.20901,4.82355
2.5,4.79845,4.79845,3.20677,4.79845
2.52,4.7736,4.7736,3.20452,4.7736
2.54,4.749,4.749,3.20228,4.749
2.56,4.72465,4.72465,3.20004,4.72465
2.58,4.70053,4.70053,3.1978,4.70053
2.6,4.67665,4.67665,3.19556,4.67665
2.62,4.653,4.653,3.19333,4.653
2.64,4.62959,4.62959,3.19109,4.62959
2.66,4.6064,4.6064,3.18886,4.6064
2.68,4.58343,4.58343,3.18663,4.58343
2.7,4.56068,4.56068,3.1844,4.56068
2.72,4.53815,4.53815,3.18217,4.53815
2.74,4.51584,4.51584,3.17994,4.51584
2.76,4.49374,4.49374,3.17772,4.49374
2.78,4.47184,4.47184,3.17549,4.47184
2.8,4.45016,4.45016,3.17327,4.45016
2.82,4.42867,4.42867,3.17105,4.42867
2.84,4.40739,4.40739,3.16883,4.40739
2.86,4.3863,4.3863,3.16661,4.3863
2.88,4.36541,4.36541,3.1644,4.36541
2.9,4.34471,4.34471,3.16218,4.34471
2.92,4.3242,4.3242,3.15997,4.3242
2.94,4.30388,4.30388,3.15776,4.30388
2.96,4.28374,4.28374,3.15555,4.28374
2.98,4.26379,4.26379,3.15334,4.26379
3,4.24402,4.24402,3.15114,4.24402
3.02,4.22442,4.22442,3.14893,4.22442
3.04,4.205,4.205,3.14673,4.205
3.06,4.18594,4.18594,3.14453,4.18594
3.08,4.16686,4.16686,3.14232,4.16686
3.1,4.14794,4.14794,3.14013,4.14794
3.12,4.12919,4.12919,3.13793,4.12919
3.14,4.11061,4.11061,3.13573,4.11061
3.16,4.09219,4.09219,3.13354,4.09219
3.18,4.07393,4.07393,3.13135,4.07393
3.2,4.05583,4.05583,3.12915,4.05583
3.22,4.03788,4.03788,3.12697,4.03788
3.24,4.02009,4.02009,3.12478,4.02009
3.26,4.00245,4.00245,3.12259,4.00245
3.28,3.98497,3.98497,3.12041,3.98497
3.3,3.96763,3.96763,3.11822,3.96763
3.32,3.95044,3.95044,3.11604,3.95044
3.34,3.9334,3.9334,3.11386,3.9334
3.36,3.9165,3.9165,3.11168,3.9165
3.38,3.89974,3.89974,3.1095,3.89974
3.4,3.88312,3.88312,3.10733,3.88312
3.42,3.86664,3.86664,3.10515,3.86664
3.44,3.85029,3.85029,3.10298,3.85029
3.46,3.83408,3.83408,3.10081,3.83408
3.48,3.81801,3.81801,3.09864,3.81801
3.5,3.80207,3.80207,3.09647,3.80207
3.52,3.78625,3.78625,3.0943,3.78625
3.54,3.77057,3.77057,3.09214,3.77057
3.56,3.75501,3.75501,3.08997,3.75501
3.58,3.73958,3.73958,3.08781,3.73958
3.6,3.72427,3.72427,3.08565,3.72427
3.62,3.70909,3.70909,3.08349,3.70909
3.64,3.69402,3.69402,3.08134,3.69402
3.66,3.67908,3.67908,3.07918,3.67908
3.68,3.66425,3.66425,3.07702,3.66425
3.7,3.64954,3.64954,3.07487,3.64954
3.72,3.63495,3.63495,3.07272,3.63495
3.74,3.62047,3.62047,3.07057,3.62047
3.76,3.60611,3.60611,3.06842,3.60611
3.78,3.59186,3.59186,3.06627,3.59186
3.8,3.57771,3.57771,3.06413,3.57771
3.82,3.56368,3.56368,3.06198,3.56368
3.84,3.54975,3.54975,3.05984,3.54975
3.86,3.53594,3.53594,3.0577,3.53594
3.88,3.52222,3.52222,3.05556,3.52222
3.9,3.50861,3.50861,3.05342,3.50861
3.92,3.49511,3.49511,3.05129,3.49511
3.94,3.4817,3.4817,3.04915,3.4817
3.96,3.4684,3.4684,3.04702,3.4684
3.98,3.4552,3.4552,3.04488,3.4552
4,3.4421,3.4421,3.04275,3.4421
4.02,3.42909,3.42909,3.04062,3.42909
4.04,3.41618,3.41618,3.0385,3.41618
4.06,3.40337,3.40337,3.03637,3.40337
4.08,3.39065,3.39065,3.03425,3.39065
4.1,3.37802,3.37802,3.03212,3.37802
4.12,3.36549,3.36549,3.03,3.36549
4.14,3.35305,3.35305,3.02788,3.35305
4.16,3.3407,3.3407,3.02576,3.3407
4.18,3.32843,3.32843,3.02364,3.32843
4.2,3.31626,3.31626,3.02153,3.31626
4.22,3.30418,3.30418,3.01941,3.30418
4.24,3.29218,3.29218,3.0173,3.29218
4.26,3.28026,3.28026,3.01519,3.28026
4.28,3.26844,3.26844,3.01308,3.26844
4.3,3.25669,3.25669,3.01097,3.25669
4.32,3.24503,3.24503,3.00887,3.24503
4.34,3.23345,3.23345,3.00676,3.23345
4.36,3.22195,3.22195,3.00466,3.22195
4.38,3.21054,3.21054,3.00255,3.21054
4.4,3.1992,3.1992,3.00045,3.1992
4.42,3.18794,3.18794,2.99835,3.18794
4.44,3.17676,3.17676,2.99625,3.17676
4.46,3.16566,3.16566,2.99416,3.16566
4.48,3.15463,3.15463,2.99206,3.15463
4.5,3.14368,3.14368,2.98997,3.14368
4.52,3.13281,3.13281,2.98788,3.13281
4.54,3.122,3.122,2.98579,3.122
4.56,3.11128,3.11128,2.9837,3.11128
4.58,3.10062,3.10062,2.98161,3.10062
4.6,3.09004,3.09004,2.97952,3.09004
4.62,3.07953,3.07953,2.97744,3.07953
4.64,3.06908,3.06908,2.97535,3.06908
4.66,3.05871,3.05871,2.97327,3.05871
4.68,3.04841,3.04841,2.97119,3.04841
4.7,3.03818,3.03818,2.96911,3.03818
4.72,3.02801,3.02801,2.96703,3.02801
4.74,3.01791,3.01791,2.96496,3.01791
4.76,3.00788,3.00788,2.96288,3.00788
4.78,2.99791,2.99791,2.96081,2.99791
4.8,2.98801,2.98801,2.95874,2.98801
4.82,2.97818,2.97818,2.95667,2.97818
4.84,2.9684,2.9684,2.9546,2.9684
4.86,2.95869,2.95869,2.95253,2.95869
4.88,2.94905,2.94905,2.95047,2.94905
4.9,2.93946,2.93946,2.9484,2.93946
4.92,2.92994,2.92994,2.94634,2.92994
4.94,2.92048,2.92048,2.94428,2.92048
4.96,2.91108,2.91108,2.94222,2.91108
4.98,2.90174,2.90174,2.94016,2.90174
5,2.89245,2.89245,2.9381,2.89245
5.02,2.88323,2.88323,2.93604,2.88323
5.04,2.87406,2.87406,2.93399,2.87406
5.06,2.86496,2.86496,2.93194,2.86496
5.08,2.85591,2.85591,2.92988,2.85591
5.1,2.84691,2.84691,2.92783,2.84691
5.12,2.83797,2.83797,2.92579,2.83797
5.14,2.82909,2.82909,2.92374,2.82909
5.16,2.82026,2.82026,2.92169,2.82026
5.18,2.81149,2.81149,2.91965,2.81149
5.2,2.80277,2.80277,2.9176,2.80277
5.22,2.7941,2.7941,2.91556,2.7941
5.24,2.78549,2.78549,2.91352,2.78549
5.26,2.77693,2.77693,2.91148,2.77693
5.28,2.76842,2.76842,2.90945,2.76842
5.3,2.75997,2.75997,2.90741,2.75997
5.32,2.75156,2.75156,2.90538,2.75156
5.34,2.74321,2.74321,2.90334,2.74321
5.36,2.7349,2.7349,2.90131,2.7349
5.38,2.72665,2.72665,2.89928,2.72665
5.4,2.71844,2.71844,2.89725,2.71844
5.42,2.71029,2.71029,2.89523,2.71029
5.44,2.70218,2.70218,2.8932,2.70218
5.46,2.69412,2.69412,2.89117,2.69412
5.48,2.68611,2.68611,2.88915,2.68611
5.5,2.67814,2.67814,2.88713,2.67814
5.52,2.67022,2.67022,2.88511,2.67022
5.54,2.66235,2.66235,2.88309,2.66235
5.56,2.65453,2.65453,2.88107,2.65453
5.58,2.64675,2.64675,2.87906,2.64675
5.6,2.63901,2.63901,2.87704,2.63901
5.62,2.63132,2.63132,2.87503,2.63132
5.64,2.62367,2.62367,2.87302,2.62367
5.66,2.61607,2.61607,2.87101,2.61607
5.68,2.60851,2.60851,2.869,2.60851
5.7,2.601,2.601,2.86699,2.601
5.72,2.59353,2.59353,2.86498,2.59353
5.74,2.5861,2.5861,2.86298,2.5861
5.76,2.57871,2.57871,2.86098,2.57871
5.78,2.57136,2.57136,2.85897,2.57136
5.8,2.56406,2.56406,2.85697,2.56406
5.82,2.5568,2.5568,2.85497,2.5568
5.84,2.54958,2.54958,2.85298,2.54958
5.86,2.54239,2.54239,2.85098,2.54239
5.88,2.53525,2.53525,2.84899,2.53525
5.9,2.52815,2.52815,2.84699,2.52815
5.92,2.52109,2.52109,2.845,2.52109
5.94,2.51407,2.51407,2.84301,2.51407
5.96,2.50708,2.50708,2.84102,2.50708
5.98,2.50014,2.50014,2.83903,2.50014
6,2.49323,2.49323,2.83704,2.49323
6.02,2.48636,2.48636,2.83506,2.48636
6.04,2.47953,2.47953,2.83308,2.47953
6.06,2.47273,2.47273,2.83109,2.47273
6.08,2.46597,2.46597,2.82911,2.46597
6.1,2.45925,2.45925,2.82713,2.45925
6.12,2.45257,2.45257,2.82515,2.45257
6.14,2.44592,2.44592,2.82318,2.44592
6.16,2.4393,2.4393,2.8212,2.4393
6.18,2.43273,2.43273,2.81923,2.43273
6.2,2.42618,2.42618,2.81725,2.42618
6.22,2.41968,2.41968,2.81528,2.41968
6.24,2.4132,2.4132,2.81331,2.4132
6.26,2.40677,2.40677,2.81134,2.40677
6.28,2.40036,2.40036,2.80938,2.40036
6.3,2.39399,2.39399,2.80741,2.39399
6.32,2.38765,2.38765,2.80545,2.38765
6.34,2.38135,2.38135,2.80348,2.38135
6.36,2.37508,2.37508,2.80152,2.37508
6.38,2.36884,2.36884,2.79956,2.36884
6.4,2.36264,2.36264,2.7976,2.36264
6.42,2.35646,2.35646,2.79565,2.35646
6.44,2.35032,2.35032,2.79369,2.35032
6.46,2.34421,2.34421,2.79173,2.34421
6.48,2.33813,2.33813,2.78978,2.33813
6.5,2.33209,2.33209,2.78783,2.33209
6.52,2.32607,2.32607,2.78588,2.32607
6.54,2.32009,2.32009,2.78393,2.32009
6.56,2.31413,2.31413,2.78198,2.31413
6.58,2.30821,2.30821,2.78003,2.30821
6.6,2.30232,2.30232,2.77809,2.30232
6.62,2.29645,2.29645,2.77614,2.29645
6.64,2.29062,2.29062,2.7742,2.29062
6.66,2.28482,2.28482,2.77226,2.28482
6.68,2.27904,2.27904,2.77032,2.27904
6.7,2.27329,2.27329,2.76838,2.27329
6.72,2.26758,2.26758,2.76644,2.26758
6.74,2.26189,2.26189,2.76451,2.26189
6.76,2.25623,2.25623,2.76257,2.25623
6.78,2.25059,2.25059,2.76064,2.25059
6.8,2.24499,2.24499,2.75871,2.24499
6.82,2.23941,2.23941,2.75678,2.23941
6.84,2.23386,2.23386,2.75485,2.23386
6.86,2.22834,2.22834,2.75292,2.22834
6.88,2.22285,2.22285,2.751,2.22285
6.9,2.21738,2.21738,2.74907,2.21738
6.92,2.21194,2.21194,2.74715,2.21194
6.94,2.20652,2.20652,2.74522,2.20652
6.96,2.20114,2.20114,2.7433,2.20114
6.98,2.19577,2.19577,2.74138,2.19577
7,2.19044,2.19044,2.73947,2.19044
7.02,2.18513,2.18513,2.73755,2.18513
7.04,2.17984,2.17984,2.73563,2.17984
7.06,2.17458,2.17458,2.73372,2.17458
7.08,2.16935,2.16935,2.73181,2.16935
7.1,2.16414,2.16414,2.72989,2.16414
7.12,2.15896,2.15896,2.72798,2.15896
7.14,2.1538,2.1538,2.72608,2.1538
7.16,2.14866,2.14866,2.72417,2.14866
7.18,2.14355,2.14355,2.72226,2.14355
7.2,2.13846,2.13846,2.72036,2.13846
7.22,2.1334,2.1334,2.71845,2.1334
7.24,2.12836,2.12836,2.71655,2.12836
7.26,2.12335,2.12335,2.71465,2.12335
7.28,2.11836,2.11836,2.71275,2.11836
7.3,2.11339,2.11339,2.71085,2.11339
7.32,2.10844,2.10844,2.70896,2.10844
7.34,2.10352,2.10352,2.70706,2.10352
7.36,2.09862,2.09862,2.70517,2.09862
7.38,2.09375,2.09375,2.70327,2.09375
7.4,2.08889,2.08889,2.70138,2.08889
7.42,2.08406,2.08406,2.69949,2.08406
7.44,2.07925,2.07925,2.6976,2.07925
7.46,2.07447,2.07447,2.69571,2.07447
7.48,2.0697,2.0697,2.69383,2.0697
7.5,2.06496,2.06496,2.69194,2.06496
7.52,2.06023,2.06023,2.69006,2.06023
7.54,2.05553,2.05553,2.68818,2.05553
7.56,2.05086,2.05086,2.6863,2.05086
7.58,2.0462,2.0462,2.68442,2.0462
7.6,2.04156,2.04156,2.68254,2.04156
7.62,2.03695,2.03695,2.68066,2.03695
7.64,2.03235,2.03235,2.67878,2.03235
7.66,2.02778,2.02778,2.67691,2.02778
7.68,2.02322,2.02322,2.67504,2.02322
7.7,2.01869,2.01869,2.67316,2.01869
7.72,2.01417,2.01417,2.67129,2.01417
7.74,2.00968,2.00968,2.66942,2.00968
7.76,2.00521,2.00521,2.66756,2.00521
7.78,2.00075,2.00075,2.66569,2.00075
7.8,1.99632,1.99632,2.66382,1.99632
7.82,1.99191,1.99191,2.66196,1.99191
7.84,1.98751,1.98751,2.6601,1.98751
7.86,1.98314,1.98314,2.65824,1.98314
7.88,1.97878,1.97878,2.65638,1.97878
7.9,1.97444,1.97444,2.65452,1.97444
7.92,1.97012,1.97012,2.65266,1.97012
7.94,1.96582,1.96582,2.6508,1.96582
7.96,1.96154,1.96154,2.64895,1.96154
7.98,1.95728,1.95728,2.6471,1.95728
8,1.95304,1.95304,2.64524,1.95304
8.02,1.94881,1.94881,2.64339,1.94881
8.04,1.9446,1.9446,2.64154,1.9446
8.06,1.94041,1.94041,2.63969,1.94041
8.08,1.93624,1.93624,2.63785,1.93624
8.1,1.93209,1.93209,2.636,1.93209
8.12,1.92795,1.92795,2.63416,1.92795
8.14,1.92383,1.92383,2.63231,1.92383
8.16,1.91973,1.91973,2.63047,1.91973
8.18,1.91565,1.91565,2.62863,1.91565
8.2,1.91158,1.91158,2.62679,1.91158
8.22,1.90754,1.90754,2.62495,1.90754
8.24,1.9035,1.9035,2.62312,1.9035
8.26,1.89949,1.89949,2.62128,1.89949
8.28,1.89549,1.89549,2.61945,1.89549
8.3,1.89151,1.89151,2.61761,1.89151
8.32,1.88755,1.88755,2.61578,1.88755
8.34,1.8836,1.8836,2.61395,1.8836
8.36,1.87967,1.87967,2.61212,1.87967
8.38,1.87575,1.87575,2.61029,1.87575
8.4,1.87185,1.87185,2.60847,1.87185
8.42,1.86797,1.86797,2.60664,1.86797
8.44,1.8641,1.8641,2.60482,1.8641
8.46,1.86025,1.86025,2.603,1.86025
8.48,1.85642,1.85642,2.60117,1.85642
8.5,1.8526,1.8526,2.59935,1.8526
8.52,1.84879,1.84879,2.59754,1.84879
8.54,1.84501,1.84501,2.59572,1.84501
8.56,1.84123,1.84123,2.5939,1.84123
8.58,1.83748,1.83748,2.59209,1.83748
8.6,1.83373,1.83373,2.59027,1.83373
8.62,1.83001,1.83001,2.58846,1.83001
8.64,1.8263,1.8263,2.58665,1.8263
8.66,1.8226,1.8226,2.58484,1.8226
8.68,1.81892,1.81892,2.58303,1.81892
8.7,1.81525,1.81525,2.58122,1.81525
8.72,1.8116,1.8116,2.57942,1.8116
8.74,1.80796,1.80796,2.57761,1.80796
8.76,1.80434,1.80434,2.57581,1.80434
8.78,1.80073,1.80073,2.574,1.80073
8.8,1.79713,1.79713,2.5722,1.79713
8.82,1.79355,1.79355,2.5704,1.79355
8.84,1.78999,1.78999,2.56861,1.78999
8.86,1.78644,1.78644,2.56681,1.78644
8.88,1.7829,1.7829,2.56501,1.7829
8.9,1.77938,1.77938,2.56322,1.77938
8.92,1.77587,1.77587,2.56142,1.77587
8.94,1.77237,1.77237,2.55963,1.77237
8.96,1.76889,1.76889,2.55784,1.76889
8.98,1.76542,1.76542,2.55605,1.76542
9,1.76196,1.76196,2.55426,1.76196
9.02,1.75852,1.75852,2.55247,1.75852
9.04,1.75509,1.75509,2.55069,1.75509
9.06,1.75168,1.75168,2.5489,1.75168
9.08,1.74828,1.74828,2.54712,1.74828
9.1,1.74489,1.74489,2.54534,1.74489
9.12,1.74151,1.74151,2.54356,1.74151
9.14,1.73815,1.73815,2.54178,1.73815
9.16,1.7348,1.7348,2.54,1.7348
9.18,1.73147,1.73147,2.53822,1.73147
9.2,1.72814,1.72814,2.53644,1.72814
9.22,1.72483,1.72483,2.53467,1.72483
9.24,1.72153,1.72153,2.5329,1.72153
9.26,1.71825,1.71825,2.53112,1.71825
9.28,1.71497,1.71497,2.52935,1.71497
9.3,1.71171,1.71171,2.52758,1.71171
9.32,1.70846,1.70846,2.52581,1.70846
9.34,1.70523,1.70523,2.52405,1.70523
9.36,1.702,1.702,2.52228,1.702
9.38,1.69879,1.69879,2.52051,1.69879
9.4,1.69559,1.69559,2.51875,1.69559
9.42,1.6924,1.6924,2.51699,1.6924
9.44,1.68923,1.68923,2.51523,1.68923
9.46,1.68606,1.68606,2.51347,1.68606
9.48,1.68291,1.68291,2.51171,1.68291
9.5,1.67977,1.67977,2.50995,1.67977
9.52,1.67664,1.67664,2.50819,1.67664
9.54,1.67353,1.67353,2.50644,1.67353
9.56,1.67042,1.67042,2.50468,1.67042
9.58,1.66733,1.66733,2.50293,1.66733
9.6,1.66424,1.66424,2.50118,1.66424
9.62,1.66117,1.66117,2.49943,1.66117
9.64,1.65811,1.65811,2.49768,1.65811
9.66,1.65506,1.65506,2.49593,1.65506
9.68,1.65202,1.65202,2.49419,1.65202
9.7,1.649,1.649,2.49244,1.649
9.72,1.64598,1.64598,2.4907,1.64598
9.74,1.64298,1.64298,2.48896,1.64298
9.76,1.63998,1.63998,2.48721,1.63998
9.78,1.637,1.637,2.48547,1.637
9.8,1.63403,1.63403,2.48373,1.63403
9.82,1.63107,1.63107,2.482,1.63107
9.84,1.62812,1.62812,2.48026,1.62812
9.86,1.62518,1.62518,2.47852,1.62518
9.88,1.62225,1.62225,2.47679,1.62225
9.9,1.61933,1.61933,2.47506,1.61933
9.92,1.61642,1.61642,2.47332,1.61642
9.94,1.61353,1.61353,2.47159,1.61353
9.96,1.61064,1.61064,2.46986,1.61064
9.98,1.60776,1.60776,2.46814,1.60776
10,1.60489,1.60489,2.46641,1.60489
10.02,1.60204,1.60204,2.46468,1.60204
10.04,1.59919,1.59919,2.46296,1.59919
10.06,1.59635,1.59635,2.46123,1.59635
10.08,1.59353,1.59353,2.45951,1.59353
10.1,1.59071,1.59071,2.45779,1.59071
10.12,1.5879,1.5879,2.45607,1.5879
10.14,1.58511,1.58511,2.45435,1.58511
10.16,1.58232,1.58232,2.45264,1.58232
10.18,1.57954,1.57954,2.45092,1.57954
10.2,1.57678,1.57678,2.4492,1.57678
10.22,1.57402,1.57402,2.44749,1.57402
10.24,1.57127,1.57127,2.44578,1.57127
10.26,1.56853,1.56853,2.44407,1.56853
10.28,1.5658,1.5658,2.44236,1.5658
10.3,1.56308,1.56308,2.44065,1.56308
10.32,1.56037,1.56037,2.43894,1.56037
10.34,1.55767,1.55767,2.43723,1.55767
10.36,1.55498,1.55498,2.43553,1.55498
10.38,1.5523,1.5523,2.43382,1.5523
10.4,1.54963,1.54963,2.43212,1.54963
10.42,1.54696,1.54696,2.43042,1.54696
10.44,1.54431,1.54431,2.42872,1.54431
10.46,1.54166,1.54166,2.42702,1.54166
10.48,1.53903,1.53903,2.42532,1.53903
10.5,1.5364,1.5364,2.42362,1.5364
10.52,1.53378,1.53378,2.42193,1.53378
10.54,1.53117,1.53117,2.42023,1.53117
10.56,1.52857,1.52857,2.41854,1.52857
10.58,1.52598,1.52598,2.41684,1.52598
10.6,1.52339,1.52339,2.41515,1.52339
10.62,1.52082,1.52082,2.41346,1.52082
10.64,1.51825,1.51825,2.41177,1.51825
10.66,1.5157,1.5157,2.41009,1.5157
10.68,1.51315,1.51315,2.4084,1.51315
10.7,1.51061,1.51061,2.40672,1.51061
10.72,1.50808,1.50808,2.40503,1.50808
10.74,1.50555,1.50555,2.40335,1.50555
10.76,1.50304,1.50304,2.40167,1.50304
10.78,1.50053,1.50053,2.39999,1.50053
10.8,1.49803,1.49803,2.39831,1.49803
10.82,1.49554,1.49554,2.39663,1.49554
10.84,1.49306,1.49306,2.39495,1.49306
10.86,1.49059,1.49059,2.39328,1.49059
10.88,1.48812,1.48812,2.3916,1.48812
10.9,1.48567,1.48567,2.38993,1.48567
10.92,1.48322,1.48322,2.38825,1.48322
10.94,1.48078,1.48078,2.38658,1.48078
10.96,1.47835,1.47835,2.38491,1.47835
10.98,1.47592,1.47592,2.38324,1.47592
11,1.4735,1.4735,2.38158,1.4735
11.02,1.47109,1.47109,2.37991,1.47109
11.04,1.46869,1.46869,2.37825,1.46869
11.06,1.4663,1.4663,2.37658,1.4663
11.08,1.46391,1.46391,2.37492,1.46391
11.1,1.46154,1.46154,2.37326,1.46154
11.12,1.45917,1.45917,2.3716,1.45917
11.14,1.4568,1.4568,2.36994,1.4568
11.16,1.45445,1.45445,2.36828,1.45445
11.18,1.4521,1.4521,2.36662,1.4521
11.2,1.44976,1.44976,2.36496,1.44976
11.22,1.44743,1.44743,2.36331,1.44743
11.24,1.44511,1.44511,2.36166,1.44511
11.26,1.44279,1.44279,2.36,1.44279
11.28,1.44048,1.44048,2.35835,1.44048
11.3,1.43818,1.43818,2.3567,1.43818
11.32,1.43588,1.43588,2.35505,1.43588
11.34,1.43359,1.43359,2.3534,1.43359
11.36,1.43131,1.43131,2.35176,1.43131
11.38,1.42904,1.42904,2.35011,1.42904
11.4,1.42677,1.42677,2.34847,1.42677
11.42,1.42452,1.42452,2.34682,1.42452
11.44,1.42226,1.42226,2.34518,1.42226
11.46,1.42002,1.42002,2.34354,1.42002
11.48,1.41778,1.41778,2.3419,1.41778
11.5,1.41555,1.41555,2.34026,1.41555
11.52,1.41333,1.41333,2.33862,1.41333
11.54,1.41111,1.41111,2.33699,1.41111
11.56,1.4089,1.4089,2.33535,1.4089
11.58,1.4067,1.4067,2.33372,1.4067
11.6,1.4045,1.4045,2.33209,1.4045
11.62,1.40231,1.40231,2.33045,1.40231
11.64,1.40013,1.40013,2.32882,1.40013
11.66,1.39796,1.39796,2.32719,1.39796
11.68,1.39579,1.39579,2.32556,1.39579
11.7,1.39363,1.39363,2.32394,1.39363
11.72,1.39147,1.39147,2.32231,1.39147
11.74,1.38932,1.38932,2.32069,1.38932
11.76,1.38718,1.38718,2.31906,1.38718
11.78,1.38504,1.38504,2.31744,1.38504
11.8,1.38292,1.38292,2.31582,1.38292
11.82,1.38079,1.38079,2.3142,1.38079
11.84,1.37868,1.37868,2.31258,1.37868
11.86,1.37657,1.37657,2.31096,1.37657
11.88,1.37446,1.37446,2.30934,1.37446
11.9,1.37237,1.37237,2.30773,1.37237
11.92,1.37028,1.37028,2.30611,1.37028
11.94,1.36819,1.36819,2.3045,1.36819
11.96,1.36612,1.36612,2.30289,1.36612
11.98,1.36407,1.36407,2.30127,1.36407
12,1.362,1.362,2.29966,1.362
12.02,1.35994,1.35994,2.29805,1.35994
12.04,1.35789,1.35789,2.29645,1.35789
12.06,1.35584,1.35584,2.29484,1.35584
12.08,1.3538,1.3538,2.29323,1.3538
12.1,1.35177,1.35177,2.29163,1.35177
12.12,1.34974,1.34974,2.29003,1.34974
12.14,1.34772,1.34772,2.28842,1.34772
12.16,1.3457,1.3457,2.28682,1.3457
12.18,1.34369,1.34369,2.28522,1.34369
12.2,1.34169,1.34169,2.28362,1.34169
12.22,1.33969,1.33969,2.28202,1.33969
12.24,1.3377,1.3377,2.28043,1.3377
12.26,1.33571,1.33571,2.27883,1.33571
12.28,1.33373,1.33373,2.27724,1.33373
12.3,1.33176,1.33176,2.27564,1.33176
12.32,1.32979,1.32979,2.27405,1.32979
12.34,1.32782,1.32782,2.27246,1.32782
12.36,1.32587,1.32587,2.27087,1.32587
12.38,1.32392,1.32392,2.26928,1.32392
12.4,1.32197,1.32197,2.26769,1.32197
12.42,1.32003,1.32003,2.26611,1.32003
12.44,1.3181,1.3181,2.26452,1.3181
12.46,1.31617,1.31617,2.26294,1.31617
12.48,1.31425,1.31425,2.26135,1.31425
12.5,1.31233,1.31233,2.25977,1.31233
12.52,1.31042,1.31042,2.25819,1.31042
12.54,1.30851,1.30851,2.25661,1.30851
12.56,1.30661,1.30661,2.25503,1.30661
12.58,1.30471,1.30471,2.25345,1.30471
12.6,1.30282,1.30282,2.25187,1.30282
12.62,1.30094,1.30094,2.2503,1.30094
12.64,1.29906,1.29906,2.24872,1.29906
12.66,1.29719,1.29719,2.24715,1.29719
12.68,1.29532,1.29532,2.24558,1.29532
12.7,1.29346,1.29346,2.24401,1.29346
12.72,1.2916,1.2916,2.24244,1.2916
12.74,1.28975,1.28975,2.24087,1.28975
12.76,1.2879,1.2879,2.2393,1.2879
12.78,1.28606,1.28606,2.23773,1.28606
12.8,1.28422,1.28422,2.23617,1.28422
12.82,1.28239,1.28239,2.2346,1.28239
12.84,1.28057,1.28057,2.23304,1.28057
12.86,1.27875,1.27875,2.23148,1.27875
12.88,1.27693,1.27693,2.22991,1.27693
12.9,1.27512,1.27512,2.22835,1.27512
12.92,1.27332,1.27332,2.22679,1.27332
12.94,1.27152,1.27152,2.22524,1.27152
12.96,1.26972,1.26972,2.22368,1.26972
12.98,1.26793,1.26793,2.22212,1.26793
13,1.26615,1.26615,2.22057,1.26615
13.02,1.26437,1.26437,2.21901,1.26437
13.04,1.26259,1.26259,2.21746,1.26259
13.06,1.26082,1.26082,2.21591,1.26082
13.08,1.25906,1.25906,2.21436,1.25906
13.1,1.2573,1.2573,2.21281,1.2573
13.12,1.25554,1.25554,2.21126,1.25554
13.14,1.25379,1.25379,2.20971,1.25379
13.16,1.25205,1.25205,2.20817,1.25205
13.18,1.25031,1.25031,2.20662,1.25031
13.2,1.24857,1.24857,2.20508,1.24857
13.22,1.24684,1.24684,2.20354,1.24684
13.24,1.24512,1.24512,2.20199,1.24512
13.26,1.2434,1.2434,2.20045,1.2434
13.28,1.24168,1.24168,2.19891,1.24168
13.3,1.23997,1.23997,2.19737,1.23997
13.32,1.23826,1.23826,2.19584,1.23826
13.34,1.23656,1.23656,2.1943,1.23656
13.36,1.23486,1.23486,2.19276,1.23486
13.38,1.23317,1.23317,2.19123,1.23317
13.4,1.23148,1.23148,2.1897,1.23148
13.42,1.2298,1.2298,2.18816,1.2298
13.44,1.22812,1.22812,2.18663,1.22812
13.46,1.22644,1.22644,2.1851,1.22644
13.48,1.22477,1.22477,2.18357,1.22477
13.5,1.22311,1.22311,2.18205,1.22311
13.52,1.22145,1.22145,2.18052,1.22145
13.54,1.21979,1.21979,2.17899,1.21979
13.56,1.21814,1.21814,2.17747,1.21814
13.58,1.21649,1.21649,2.17594,1.21649
13.6,1.21485,1.21485,2.17442,1.21485
13.62,1.21321,1.21321,2.1729,1.21321
13.64,1.21158,1.21158,2.17138,1.21158
13.66,1.20995,1.20995,2.16986,1.20995
13.68,1.20832,1.20832,2.16834,1.20832
13.7,1.2067,1.2067,2.16683,1.2067
13.72,1.20508,1.20508,2.16531,1.20508
13.74,1.20347,1.20347,2.16379,1.20347
13.76,1.20186,1.20186,2.16228,1.20186
13.78,1.20026,1.20026,2.16077,1.20026
13.8,1.19866,1.19866,2.15925,1.19866
13.82,1.19706,1.19706,2.15774,1.19706
13.84,1.19547,1.19547,2.15623,1.19547
13.86,1.19389,1.19389,2.15472,1.19389
13.88,1.1923,1.1923,2.15322,1.1923
13.9,1.19073,1.19073,2.15171,1.19073
13.92,1.18915,1.18915,2.1502,1.18915
13.94,1.18758,1.18758,2.1487,1.18758
13.96,1.18601,1.18601,2.1472,1.18601
13.98,1.18445,1.18445,2.14569,1.18445
14,1.1829,1.1829,2.14419,1.1829
14.02,1.18134,1.18134,2.14269,1.18134
14.04,1.17979,1.17979,2.14119,1.17979
14.06,1.17825,1.17825,2.13969,1.17825
14.08,1.17671,1.17671,2.1382,1.17671
14.1,1.17517,1.17517,2.1367,1.17517
14.12,1.17363,1.17363,2.13521,1.17363
14.14,1.17211,1.17211,2.13371,1.17211
14.16,1.17058,1.17058,2.13222,1.17058
14.18,1.16906,1.16906,2.13073,1.16906
14.2,1.16754,1.16754,2.12924,1.16754
14.22,1.16603,1.16603,2.12775,1.16603
14.24,1.16452,1.16452,2.12626,1.16452
14.26,1.16301,1.16301,2.12477,1.16301
14.28,1.16151,1.16151,2.12328,1.16151
14.3,1.16001,1.16001,2.1218,1.16001
14.32,1.15852,1.15852,2.12031,1.15852
14.34,1.15703,1.15703,2.11883,1.15703
14.36,1.15554,1.15554,2.11735,1.15554
14.38,1.15406,1.15406,2.11586,1.15406
14.4,1.15258,1.15258,2.11438,1.15258
14.42,1.15111,1.15111,2.1129,1.15111
14.44,1.14963,1.14963,2.11142,1.14963
14.46,1.14817,1.14817,2.10995,1.14817
14.48,1.1467,1.1467,2.10847,1.1467
14.5,1.14524,1.14524,2.107,1.14524
14.52,1.14379,1.14379,2.10552,1.14379
14.54,1.14233,1.14233,2.10405,1.14233
14.56,1.14088,1.14088,2.10258,1.14088
14.58,1.13944,1.13944,2.1011,1.13944
14.6,1.138,1.138,2.09963,1.138
14.62,1.13656,1.13656,2.09816,1.13656
14.64,1.13513,1.13513,2.0967,1.13513
14.66,1.13369,1.13369,2.09523,1.13369
14.68,1.13227,1.13227,2.09376,1.13227
14.7,1.13084,1.13084,2.0923,1.13084
14.72,1.12942,1.12942,2.09083,1.12942
14.74,1.12801,1.12801,2.08937,1.12801
14.76,1.12659,1.12659,2.08791,1.12659
14.78,1.12519,1.12519,2.08645,1.12519
14.8,1.12378,1.12378,2.08499,1.12378
14.82,1.12238,1.12238,2.08353,1.12238
14.84,1.12098,1.12098,2.08207,1.12098
14.86,1.11958,1.11958,2.08061,1.11958
14.88,1.11819,1.11819,2.07916,1.11819
14.9,1.1168,1.1168,2.0777,1.1168
14.92,1.11542,1.11542,2.07625,1.11542
14.94,1.11404,1.11404,2.0748,1.11404
14.96,1.11266,1.11266,2.07334,1.11266
14.98,1.11128,1.11128,2.07189,1.11128
15,1.10991,1.10991,2.07044,1.10991
15.02,1.10854,1.10854,2.06899,1.10854
15.04,1.10718,1.10718,2.06755,1.10718
15.06,1.10582,1.10582,2.0661,1.10582
15.08,1.10446,1.10446,2.06465,1.10446
15.1,1.10311,1.10311,2.06321,1.10311
15.12,1.10175,1.10175,2.06177,1.10175
15.14,1.10041,1.10041,2.06032,1.10041
15.16,1.09906,1.09906,2.05888,1.09906
15.18,1.09772,1.09772,2.05744,1.09772
15.2,1.09638,1.09638,2.056,1.09638
15.22,1.09505,1.09505,2.05456,1.09505
15.24,1.09372,1.09372,2.05312,1.09372
15.26,1.09239,1.09239,2.05169,1.09239
15.28,1.09106,1.09106,2.05025,1.09106
15.3,1.08974,1.08974,2.04882,1.08974
15.32,1.08842,1.08842,2.04738,1.08842
15.34,1.08711,1.08711,2.04595,1.08711
15.36,1.08579,1.08579,2.04452,1.08579
15.38,1.08448,1.08448,2.04309,1.08448
15.4,1.08318,1.08318,2.04166,1.08318
15.42,1.08188,1.08188,2.04023,1.08188
15.44,1.08058,1.08058,2.0388,1.08058
15.46,1.07928,1.07928,2.03738,1.07928
15.48,1.07799,1.07799,2.03595,1.07799
15.5,1.0767,1.0767,2.03453,1.0767
15.52,1.07541,1.07541,2.0331,1.07541
15.54,1.07412,1.07412,2.03168,1.07412
15.56,1.07284,1.07284,2.03026,1.07284
15.58,1.07156,1.07156,2.02884,1.07156
15.6,1.07029,1.07029,2.02742,1.07029
15.62,1.06902,1.06902,2.026,1.06902
15.64,1.06775,1.06775,2.02458,1.06775
15.66,1.06648,1.06648,2.02316,1.06648
15.68,1.06522,1.06522,2.02175,1.06522
15.7,1.06396,1.06396,2.02033,1.06396
15.72,1.0627,1.0627,2.01892,1.0627
15.74,1.06145,1.06145,2.01751,1.06145
15.76,1.0602,1.0602,2.0161,1.0602
15.78,1.05895,1.05895,2.01469,1.05895
15.8,1.0577,1.0577,2.01328,1.0577
15.82,1.05646,1.05646,2.01187,1.05646
15.84,1.05522,1.05522,2.01046,1.05522
15.86,1.05398,1.05398,2.00905,1.05398
15.88,1.05275,1.05275,2.00765,1.05275
15.9,1.05152,1.05152,2.00624,1.05152
15.92,1.05029,1.05029,2.00484,1.05029
15.94,1.04907,1.04907,2.00343,1.04907
15.96,1.04784,1.04784,2.00203,1.04784
15.98,1.04663,1.04663,2.00063,1.04663
16,1.04541,1.04541,1.99923,1.04541
16.02,1.04419,1.04419,1.99783,1.04419
16.04,1.04298,1.04298,1.99643,1.04298
16.06,1.04178,1.04178,1.99504,1.04178
16.08,1.04057,1.04057,1.99364,1.04057
16.1,1.03937,1.03937,1.99225,1.03937
16.12,1.03817,1.03817,1.99085,1.03817
16.14,1.03697,1.03697,1.98946,1.03697
16.16,1.03578,1.03578,1.98807,1.03578
16.18,1.03459,1.03459,1.98668,1.03459
16.2,1.0334,1.0334,1.98529,1.0334
16.22,1.03221,1.03221,1.9839,1.03221
16.24,1.03103,1.03103,1.98251,1.03103
16.26,1.02985,1.02985,1.98112,1.02985
16.28,1.02867,1.02867,1.97973,1.02867
16.3,1.02749,1.02749,1.97835,1.02749
16.32,1.02632,1.02632,1.97697,1.02632
16.34,1.02515,1.02515,1.97558,1.02515
16.36,1.02398,1.02398,1.9742,1.02398
16.38,1.02282,1.02282,1.97282,1.02282
16.4,1.02166,1.02166,1.97144,1.02166
16.42,1.0205,1.0205,1.97006,1.0205
16.44,1.01934,1.01934,1.96868,1.01934
16.46,1.01819,1.01819,1.9673,1.01819
16.48,1.01704,1.01704,1.96593,1.01704
16.5,1.01589,1.01589,1.96455,1.01589
16.52,1.01474,1.01474,1.96317,1.01474
16.54,1.0136,1.0136,1.9618,1.0136
16.56,1.01246,1.01246,1.96043,1.01246
16.58,1.01132,1.01132,1.95906,1.01132
16.6,1.01018,1.01018,1.95769,1.01018
16.62,1.00905,1.00905,1.95632,1.00905
16.64,1.00792,1.00792,1.95495,1.00792
16.66,1.00679,1.00679,1.95358,1.00679
16.68,1.00566,1.00566,1.95221,1.00566
16.7,1.00454,1.00454,1.95085,1.00454
16.72,1.00342,1.00342,1.94948,1.00342
16.74,1.0023,1.0023,1.94812,1.0023
16.76,1.00119,1.00119,1.94675,1.00119
16.78,1.00007,1.00007,1.94539,1.00007
16.8,0.998962,0.998962,1.94403,0.998962
16.82,0.997854,0.997854,1.94267,0.997854
16.84,0.996748,0.996748,1.94131,0.996748
16.86,0.995645,0.995645,1.93995,0.995645
16.88,0.994544,0.994544,1.93859,0.994544
16.9,0.993445,0.993445,1.93724,0.993445
16.92,0.992349,0.992349,1.93588,0.992349
16.94,0.991255,0.991255,1.93453,0.991255
16.96,0.990164,0.990164,1.93317,0.990164
16.98,0.989075,0.989075,1.93182,0.989075
17,0.987988,0.987988,1.93047,0.987988
17.02,0.986904,0.986904,1.92912,0.986904
17.04,0.985822,0.985822,1.92777,0.985822
17.06,0.984743,0.984743,1.92642,0.984743
17.08,0.983666,0.983666,1.92507,0.983666
17.1,0.982591,0.982591,1.92372,0.982591
17.12,0.981519,0.981519,1.92238,0.981519
17.14,0.980449,0.980449,1.92103,0.980449
17.16,0.979381,0.979381,1.91969,0.979381
17.18,0.978316,0.978316,1.91835,0.978316
17.2,0.977253,0.977253,1.917,0.977253
17.22,0.976192,0.976192,1.91566,0.976192
17.24,0.975134,0.975134,1.91432,0.975134
17.26,0.974078,0.974078,1.91298,0.974078
17.28,0.973024,0.973024,1.91164,0.973024
17.3,0.971972,0.971972,1.91031,0.971972
17.32,0.970923,0.970923,1.90897,0.970923
17.34,0.969876,0.969876,1.90763,0.969876
17.36,0.968831,0.968831,1.9063,0.968831
17.38,0.967788,0.967788,1.90496,0.967788
17.4,0.966748,0.966748,1.90363,0.966748
17.42,0.96571,0.96571,1.9023,0.96571
17.44,0.964674,0.964674,1.90097,0.964674
17.46,0.96364,0.96364,1.89964,0.96364
17.48,0.962609,0.962609,1.89831,0.962609
17.5,0.96158,0.96158,1.89698,0.96158
17.52,0.960553,0.960553,1.89565,0.960553
17.54,0.959528,0.959528,1.89433,0.959528
17.56,0.958505,0.958505,1.893,0.958505
17.58,0.957485,0.957485,1.89168,0.957485
17.6,0.956467,0.956467,1.89035,0.956467
17.62,0.95545,0.95545,1.88903,0.95545
17.64,0.954436,0.954436,1.88771,0.954436
17.66,0.953425,0.953425,1.88639,0.953425
17.68,0.952415,0.952415,1.88507,0.952415
17.7,0.951407,0.951407,1.88375,0.951407
17.72,0.950402,0.950402,1.88243,0.950402
17.74,0.949399,0.949399,1.88111,0.949399
17.76,0.948398,0.948398,1.8798,0.948398
17.78,0.947398,0.947398,1.87848,0.947398
17.8,0.946401,0.946401,1.87717,0.946401
17.82,0.945407,0.945407,1.87585,0.945407
17.84,0.944414,0.944414,1.87454,0.944414
17.86,0.943423,0.943423,1.87323,0.943423
17.88,0.942434,0.942434,1.87192,0.942434
17.9,0.941448,0.941448,1.87061,0.941448
17.92,0.940463,0.940463,1.8693,0.940463
17.94,0.939481,0.939481,1.86799,0.939481
17.96,0.938501,0.938501,1.86668,0.938501
17.98,0.937522,0.937522,1.86538,0.937522
18,0.936546,0.936546,1.86407,0.936546
18.02,0.935572,0.935572,1.86277,0.935572
18.04,0.934599,0.934599,1.86146,0.934599
18.06,0.933629,0.933629,1.86016,0.933629
18.08,0.932661,0.932661,1.85886,0.932661
18.1,0.931695,0.931695,1.85756,0.931695
18.12,0.93073,0.93073,1.85626,0.93073
18.14,0.929768,0.929768,1.85496,0.929768
18.16,0.928808,0.928808,1.85366,0.928808
18.18,0.92785,0.92785,1.85236,0.92785
18.2,0.926893,0.926893,1.85107,0.926893
18.22,0.925939,0.925939,1.84977,0.925939
18.24,0.924987,0.924987,1.84848,0.924987
18.26,0.924036,0.924036,1.84719,0.924036
18.28,0.923088,0.923088,1.84589,0.923088
18.3,0.922141,0.922141,1.8446,0.922141
18.32,0.921197,0.921197,1.84331,0.921197
18.34,0.920254,0.920254,1.84202,0.920254
18.36,0.919314,0.919314,1.84073,0.919314
18.38,0.918375,0.918375,1.83944,0.918375
18.4,0.917438,0.917438,1.83816,0.917438
18.42,0.916503,0.916503,1.83687,0.916503
18.44,0.91557,0.91557,1.83558,0.91557
18.46,0.914639,0.914639,1.8343,0.914639
18.48,0.913709,0.913709,1.83302,0.913709
18.5,0.912782,0.912782,1.83173,0.912782
18.52,0.911857,0.911857,1.83045,0.911857
18.54,0.910933,0.910933,1.82917,0.910933
18.56,0.910011,0.910011,1.82789,0.910011
18.58,0.909091,0.909091,1.82661,0.909091
18.6,0.908173,0.908173,1.82533,0.908173
18.62,0.907257,0.907257,1.82406,0.907257
18.64,0.906343,0.906343,1.82278,0.906343
18.66,0.90543,0.90543,1.8215,0.90543
18.68,0.90452,0.90452,1.82023,0.90452
18.7,0.903611,0.903611,1.81896,0.903611
18.72,0.902704,0.902704,1.81768,0.902704
18.74,0.901799,0.901799,1.81641,0.901799
18.76,0.900895,0.900895,1.81514,0.900895
18.78,0.899994,0.899994,1.81387,0.899994
18.8,0.899094,0.899094,1.8126,0.899094
18.82,0.898196,0.898196,1.81133,0.898196
18.84,0.8973,0.8973,1.81007,0.8973
18.86,0.896405,0.896405,1.8088,0.896405
18.88,0.895513,0.895513,1.80753,0.895513
18.9,0.894622,0.894622,1.80627,0.894622
18.92,0.893733,0.893733,1.805,0.893733
18.94,0.892845,0.892845,1.80374,0.892845
18.96,0.89196,0.89196,1.80248,0.89196
18.98,0.891076,0.891076,1.80122,0.891076
19,0.890194,0.890194,1.79996,0.890194
19.02,0.889314,0.889314,1.7987,0.889314
19.04,0.888435,0.888435,1.79744,0.888435
19.06,0.887558,0.887558,1.79618,0.887558
19.08,0.886683,0.886683,1.79492,0.886683
19.1,0.88581,0.88581,1.79367,0.88581
19.12,0.884938,0.884938,1.79241,0.884938
19.14,0.884068,0.884068,1.79116,0.884068
19.16,0.8832,0.8832,1.78991,0.8832
19.18,0.882334,0.882334,1.78865,0.882334
19.2,0.881469,0.881469,1.7874,0.881469
19.22,0.880606,0.880606,1.78615,0.880606
19.24,0.879744,0.879744,1.7849,0.879744
19.26,0.878884,0.878884,1.78365,0.878884
19.28,0.878026,0.878026,1.7824,0.878026
19.3,0.87717,0.87717,1.78116,0.87717
19.32,0.876315,0.876315,1.77991,0.876315
19.34,0.875462,0.875462,1.77866,0.875462
19.36,0.874611,0.874611,1.77742,0.874611
19.38,0.873761,0.873761,1.77618,0.873761
19.4,0.872913,0.872913,1.77493,0.872913
19.42,0.872066,0.872066,1.77369,0.872066
19.44,0.871222,0.871222,1.77245,0.871222
19.46,0.870378,0.870378,1.77121,0.870378
19.48,0.869537,0.869537,1.76997,0.869537
19.5,0.868697,0.868697,1.76873,0.868697
19.52,0.867858,0.867858,1.76749,0.867858
19.54,0.867022,0.867022,1.76626,0.867022
19.56,0.866187,0.866187,1.76502,0.866187
19.58,0.865353,0.865353,1.76379,0.865353
19.6,0.864521,0.864521,1.76255,0.864521
19.62,0.863691,0.863691,1.76132,0.863691
19.64,0.862862,0.862862,1.76009,0.862862
19.66,0.862035,0.862035,1.75885,0.862035
19.68,0.86121,0.86121,1.75762,0.86121
19.7,0.860386,0.860386,1.75639,0.860386
19.72,0.859563,0.859563,1.75517,0.859563
19.74,0.858743,0.858743,1.75394,0.858743
19.76,0.857923,0.857923,1.75271,0.857923
19.78,0.857106,0.857106,1.75148,0.857106
19.8,0.85629,0.85629,1.75026,0.85629
19.82,0.855475,0.855475,1.74903,0.855475
19.84,0.854662,0.854662,1.74781,0.854662
19.86,0.853851,0.853851,1.74659,0.853851
19.88,0.853041,0.853041,1.74536,0.853041
19.9,0.852232,0.852232,1.74414,0.852232
19.92,0.851425,0.851425,1.74292,0.851425
19.94,0.85062,0.85062,1.7417,0.85062
19.96,0.849816,0.849816,1.74048,0.849816
19.98,0.849014,0.849014,1.73927,0.849014
20,0.848213,0.848213,1.73805,0.848213
20.02,0.847414,0.847414,1.73683,0.847456
20.04,0.846616,0.846616,1.73562,0.846786
20.06,0.84582,0.84582,1.7344,0.846201
20.08,0.845025,0.845025,1.73319,0.8457
20.1,0.844232,0.844232,1.73198,0.845283
20.12,0.84344,0.84344,1.73076,0.844949
20.14,0.84265,0.84265,1.72955,0.844697
20.16,0.841861,0.841861,1.72834,0.844526
20.18,0.841073,0.841073,1.72713,0.844436
20.2,0.840287,0.840287,1.72592,0.844425
20.22,0.839503,0.839503,1.72472,0.844494
20.24,0.83872,0.83872,1.72351,0.84464
20.26,0.837939,0.837939,1.7223,0.844864
20.28,0.837159,0.837159,1.7211,0.845164
20.3,0.83638,0.83638,1.71989,0.84554
20.32,0.835603,0.835603,1.71869,0.845991
20.34,0.834827,0.834827,1.71749,0.846516
20.36,0.834053,0.834053,1.71629,0.847115
20.38,0.83328,0.83328,1.71509,0.847786
20.4,0.832509,0.832509,1.71389,0.848529
20.42,0.831739,0.831739,1.71269,0.849342
20.44,0.83097,0.83097,1.71149,0.850226
20.46,0.830203,0.830203,1.71029,0.851179
20.48,0.829437,0.829437,1.70909,0.852201
20.5,0.828673,0.828673,1.7079,0.853291
20.52,0.82791,0.82791,1.7067,0.854448
20.54,0.827149,0.827149,1.70551,0.855671
20.56,0.826388,0.826388,1.70431,0.85696
20.58,0.82563,0.82563,1.70312,0.858313
20.6,0.824872,0.824872,1.70193,0.85973
20.62,0.824116,0.824116,1.70074,0.861211
20.64,0.823362,0.823362,1.69955,0.862753
20.66,0.822609,0.822609,1.69836,0.864358
20.68,0.821857,0.821857,1.69717,0.866023
20.7,0.821107,0.821107,1.69598,0.867748
20.72,0.820358,0.820358,1.6948,0.869533
20.74,0.81961,0.81961,1.69361,0.871376
20.76,0.818864,0.818864,1.69243,0.873276
20.78,0.818119,0.818119,1.69124,0.875234
20.8,0.817375,0.817375,1.69006,0.877248
20.82,0.816633,0.816633,1.68888,0.879317
20.84,0.815892,0.815892,1.68769,0.881442
20.86,0.815152,0.815152,1.68651,0.88362
20.88,0.814414,0.814414,1.68533,0.885851
20.9,0.813677,0.813677,1.68415,0.888134
20.92,0.812942,0.812942,1.68297,0.890469
20.94,0.812207,0.812207,1.6818,0.892855
20.96,0.811474,0.811474,1.68062,0.895292
20.98,0.810743,0.810743,1.67944,0.897777
21,0.810013,0.810013,1.67827,0.900311
21.02,0.809284,0.809284,1.67709,0.902893
21.04,0.808556,0.808556,1.67592,0.905522
21.06,0.80783,0.80783,1.67475,0.908198
21.08,0.807105,0.807105,1.67358,0.910919
21.1,0.806381,0.806381,1.67241,0.913685
21.12,0.805658,0.805658,1.67124,0.916495
21.14,0.804937,0.804937,1.67007,0.919348
21.16,0.804218,0.804218,1.6689,0.922244
21.18,0.803499,0.803499,1.66773,0.925182
21.2,0.802782,0.802782,1.66656,0.928161
21.22,0.802066,0.802066,1.6654,0.931181
21.24,0.801351,0.801351,1.66423,0.93424
21.26,0.800637,0.800637,1.66307,0.937338
21.28,0.799925,0.799925,1.6619,0.940474
21.3,0.799214,0.799214,1.66074,0.943647
21.32,0.798505,0.798505,1.65958,0.946858
21.34,0.797796,0.797796,1.65842,0.950104
21.36,0.797089,0.797089,1.65726,0.953385
21.38,0.796383,0.796383,1.6561,0.956702
21.4,0.795679,0.795679,1.65494,0.960051
21.42,0.794975,0.794975,1.65378,0.963434
21.44,0.794273,0.794273,1.65262,0.966849
21.46,0.793572,0.793572,1.65147,0.970296
21.48,0.792873,0.792873,1.65031,0.973774
21.5,0.792174,0.792174,1.64915,0.977282
21.52,0.791477,0.791477,1.648,0.980819
21.54,0.790781,0.790781,1.64685,0.984385
21.56,0.790086,0.790086,1.6457,0.987979
21.58,0.789393,0.789393,1.64454,0.991601
21.6,0.7887,0.7887,1.64339,0.995249
21.62,0.788009,0.788009,1.64224,0.998922
21.64,0.787319,0.787319,1.64109,1.00262
21.66,0.78663,0.78663,1.63995,1.00634
21.68,0.785943,0.785943,1.6388,1.01009
21.7,0.785257,0.785257,1.63765,1.01386
21.72,0.784572,0.784572,1.63651,1.01765
21.74,0.783888,0.783888,1.63536,1.02147
21.76,0.783205,0.783205,1.63422,1.0253
21.78,0.782523,0.782523,1.63307,1.02916
21.8,0.781843,0.781843,1.63193,1.03303
21.82,0.781164,0.781164,1.63079,1.03693
21.84,0.780486,0.780486,1.62965,1.04084
21.86,0.779809,0.779809,1.62851,1.04477
21.88,0.779133,0.779133,1.62737,1.04871
21.9,0.778459,0.778459,1.62623,1.05267
21.92,0.777786,0.777786,1.62509,1.05665
21.94,0.777114,0.777114,1.62395,1.06064
21.96,0.776443,0.776443,1.62282,1.06465
21.98,0.775773,0.775773,1.62168,1.06867
22,0.775104,0.775104,1.62055,1.0727
22.02,0.774437,0.774437,1.61941,1.07674
22.04,0.77377,0.77377,1.61828,1.0808
22.06,0.773105,0.773105,1.61715,1.08486
22.08,0.772441,0.772441,1.61601,1.08894
22.1,0.771778,0.771778,1.61488,1.09302
22.12,0.771116,0.771116,1.61375,1.09711
22.14,0.770456,0.770456,1.61262,1.10121
22.16,0.769796,0.769796,1.6115,1.10532
22.18,0.769138,0.769138,1.61037,1.10944
22.2,0.76848,0.76848,1.60924,1.11356
22.22,0.767824,0.767824,1.60812,1.11768
22.24,0.767169,0.767169,1.60699,1.12181
22.26,0.766515,0.766515,1.60587,1.12594
22.28,0.765862,0.765862,1.60474,1.13008
22.3,0.765211,0.765211,1.60362,1.13422
22.32,0.76456,0.76456,1.6025,1.13836
22.34,0.763911,0.763911,1.60138,1.1425
22.36,0.763262,0.763262,1.60025,1.14664
22.38,0.762615,0.762615,1.59914,1.15078
22.4,0.761969,0.761969,1.59802,1.15492
22.42,0.761324,0.761324,1.5969,1.15906
22.44,0.76068,0.76068,1.59578,1.1632
22.46,0.760037,0.760037,1.59466,1.16734
22.48,0.759395,0.759395,1.59355,1.17147
22.5,0.758754,0.758754,1.59243,1.17559
22.52,0.758115,0.758115,1.59132,1.17972
22.54,0.757476,0.757476,1.59021,1.18383
22.56,0.756839,0.756839,1.58909,1.18794
22.58,0.756202,0.756202,1.58798,1.19205
22.6,0.755567,0.755567,1.58687,1.19614
22.62,0.754932,0.754932,1.58576,1.20023
22.64,0.754299,0.754299,1.58465,1.20431
22.66,0.753667,0.753667,1.58354,1.20838
22.68,0.753036,0.753036,1.58243,1.21244
22.7,0.752406,0.752406,1.58132,1.21649
22.72,0.751777,0.751777,1.58022,1.22053
22.74,0.751149,0.751149,1.57911,1.22456
22.76,0.750522,0.750522,1.57801,1.22858
22.78,0.749896,0.749896,1.5769,1.23258
22.8,0.749271,0.749271,1.5758,1.23657
22.82,0.748647,0.748647,1.5747,1.24054
22.84,0.748025,0.748025,1.5736,1.2445
22.86,0.747403,0.747403,1.57249,1.24844
22.88,0.746782,0.746782,1.57139,1.25237
22.9,0.746163,0.746163,1.57029,1.25628
22.92,0.745544,0.745544,1.5692,1.26017
22.94,0.744926,0.744926,1.5681,1.26405
22.96,0.74431,0.74431,1.567,1.2679
22.98,0.743694,0.743694,1.5659,1.27174
23,0.74308,0.74308,1.56481,1.27556
23.02,0.742466,0.742466,1.56371,1.27936
23.04,0.741854,0.741854,1.56262,1.28313
23.06,0.741242,0.741242,1.56153,1.28689
23.08,0.740632,0.740632,1.56043,1.29062
23.1,0.740022,0.740022,1.55934,1.29433
23.12,0.739414,0.739414,1.55825,1.29801
23.14,0.738806,0.738806,1.55716,1.30167
23.16,0.7382,0.7382,1.55607,1.30531
23.18,0.737594,0.737594,1.55498,1.30892
23.2,0.73699,0.73699,1.55389,1.31251
23.22,0.736386,0.736386,1.5528,1.31607
23.24,0.735784,0.735784,1.55172,1.3196
23.26,0.735182,0.735182,1.55063,1.3231
23.28,0.734582,0.734582,1.54955,1.32658
23.3,0.733982,0.733982,1.54846,1.33003
23.32,0.733384,0.733384,1.54738,1.33344
23.34,0.732786,0.732786,1.5463,1.33683
23.36,0.732189,0.732189,1.54521,1.34019
23.38,0.731594,0.731594,1.54413,1.34351
23.4,0.730999,0.730999,1.54305,1.34681
23.42,0.730405,0.730405,1.54197,1.35007
23.44,0.729812,0.729812,1.54089,1.3533
23.46,0.729221,0.729221,1.53982,1.3565
23.48,0.72863,0.72863,1.53874,1.35966
23.5,0.72804,0.72804,1.53766,1.36278
23.52,0.727451,0.727451,1.53659,1.36588
23.54,0.726863,0.726863,1.53551,1.36893
23.56,0.726276,0.726276,1.53444,1.37195
23.58,0.72569,0.72569,1.53336,1.37493
23.6,0.725104,0.725104,1.53229,1.37788
23.62,0.72452,0.72452,1.53122,1.38079
23.64,0.723937,0.723937,1.53015,1.38365
23.66,0.723355,0.723355,1.52907,1.38648
23.68,0.722773,0.722773,1.52801,1.38927
23.7,0.722193,0.722193,1.52694,1.39202
23.72,0.721613,0.721613,1.52587,1.39473
23.74,0.721035,0.721035,1.5248,1.3974
23.76,0.720457,0.720457,1.52373,1.40002
23.78,0.71988,0.71988,1.52267,1.40261
23.8,0.719304,0.719304,1.5216,1.40515
23.82,0.718729,0.718729,1.52054,1.40764
23.84,0.718155,0.718155,1.51947,1.41009
23.86,0.717582,0.717582,1.51841,1.4125
23.88,0.71701,0.71701,1.51735,1.41486
23.9,0.716439,0.716439,1.51628,1.41718
23.92,0.715869,0.715869,1.51522,1.41945
23.94,0.715299,0.715299,1.51416,1.42167
23.96,0.714731,0.714731,1.5131,1.42385
23.98,0.714163,0.714163,1.51204,1.42598
24,0.713596,0.713596,1.51099,1.42806
24.02,0.713031,0.713031,1.50993,1.43009
24.04,0.712466,0.712466,1.50887,1.43207
24.06,0.711902,0.711902,1.50782,1.434
24.08,0.711338,0.711338,1.50676,1.43588
24.1,0.710776,0.710776,1.50571,1.43771
24.12,0.710215,0.710215,1.50465,1.43949
24.14,0.709654,0.709654,1.5036,1.44122
24.16,0.709095,0.709095,1.50255,1.44289
24.18,0.708536,0.708536,1.5015,1.44451
24.2,0.707978,0.707978,1.50045,1.44608
24.22,0.707421,0.707421,1.4994,1.44759
24.24,0.706865,0.706865,1.49835,1.44905
24.26,0.70631,0.70631,1.4973,1.45045
24.28,0.705756,0.705756,1.49625,1.4518
24.3,0.705202,0.705202,1.4952,1.45309
24.32,0.70465,0.70465,1.49416,1.45432
24.34,0.704098,0.704098,1.49311,1.4555
24.36,0.703547,0.703547,1.49207,1.45662
24.38,0.702997,0.702997,1.49102,1.45768
24.4,0.702448,0.702448,1.48998,1.45868
24.42,0.701899,0.701899,1.48894,1.45962
24.44,0.701352,0.701352,1.4879,1.46051
24.46,0.700805,0.700805,1.48685,1.46133
24.48,0.70026,0.70026,1.48581,1.46209
24.5,0.699715,0.699715,1.48477,1.46279
24.52,0.699171,0.699171,1.48374,1.46343
24.54,0.698628,0.698628,1.4827,1.46401
24.56,0.698085,0.698085,1.48166,1.46452
24.58,0.697544,0.697544,1.48062,1.46498
24.6,0.697003,0.697003,1.47959,1.46536
24.62,0.696463,0.696463,1.47855,1.46569
24.64,0.695924,0.695924,1.47752,1.46595
24.66,0.695386,0.695386,1.47648,1.46614
24.68,0.694849,0.694849,1.47545,1.46627
24.7,0.694312,0.694312,1.47442,1.46633
24.72,0.693777,0.693777,1.47339,1.46632
24.74,0.693242,0.693242,1.47235,1.46625
24.76,0.692708,0.692708,1.47132,1.46611
24.78,0.692175,0.692175,1.47029,1.46591
24.8,0.691642,0.691642,1.46927,1.46563
24.82,0.691111,0.691111,1.46824,1.46529
24.84,0.69058,0.69058,1.46721,1.46488
24.86,0.69005,0.69005,1.46618,1.46439
24.88,0.689521,0.689521,1.46516,1.46384
24.9,0.688992,0.688992,1.46413,1.46321
24.92,0.688465,0.688465,1.46311,1.46252
24.94,0.687938,0.687938,1.46208,1.46175
24.96,0.687412,0.687412,1.46106,1.46091
24.98,0.686887,0.686887,1.46004,1.46
25,0.686363,0.686363,1.45902,1.45902
25.02,0.68584,0.68584,1.458,1.45798
25.04,0.685317,0.685317,1.45698,1.45692
25.06,0.684795,0.684795,1.45596,1.45583
25.08,0.684274,0.684274,1.45494,1.45471
25.1,0.683754,0.683754,1.45392,1.45356
25.12,0.683234,0.683234,1.4529,1.45239
25.14,0.682715,0.682715,1.45189,1.45119
25.16,0.682197,0.682197,1.45087,1.44996
25.18,0.68168,0.68168,1.44985,1.4487
25.2,0.681164,0.681164,1.44884,1.44742
25.22,0.680648,0.680648,1.44783,1.44611
25.24,0.680133,0.680133,1.44681,1.44478
25.26,0.679619,0.679619,1.4458,1.44342
25.28,0.679106,0.679106,1.44479,1.44203
25.3,0.678594,0.678594,1.44378,1.44062
25.32,0.678082,0.678082,1.44277,1.43918
25.34,0.677571,0.677571,1.44176,1.43772
25.36,0.677061,0.677061,1.44075,1.43623
25.38,0.676552,0.676552,1.43974,1.43472
25.4,0.676043,0.676043,1.43873,1.43318
25.42,0.675535,0.675535,1.43773,1.43162
25.44,0.675028,0.675028,1.43672,1.43003
25.46,0.674522,0.674522,1.43571,1.42842
25.48,0.674016,0.674016,1.43471,1.42678
25.5,0.673511,0.673511,1.43371,1.42512
25.52,0.673007,0.673007,1.4327,1.42344
25.54,0.672504,0.672504,1.4317,1.42174
25.56,0.672001,0.672001,1.4307,1.42001
25.58,0.671499,0.671499,1.4297,1.41825
25.6,0.670998,0.670998,1.4287,1.41648
25.62,0.670498,0.670498,1.4277,1.41468
25.64,0.669998,0.669998,1.4267,1.41286
25.66,0.6695,0.6695,1.4257,1.41101
25.68,0.669002,0.669002,1.4247,1.40915
25.7,0.668504,0.668504,1.42371,1.40726
25.72,0.668008,0.668008,1.42271,1.40535
25.74,0.667512,0.667512,1.42171,1.40341
25.76,0.667017,0.667017,1.42072,1.40146
25.78,0.666522,0.666522,1.41972,1.39949
25.8,0.666028,0.666028,1.41873,1.39749
25.82,0.665536,0.665536,1.41774,1.39547
25.84,0.665043,0.665043,1.41675,1.39343
25.86,0.664552,0.664552,1.41576,1.39137
25.88,0.664061,0.664061,1.41476,1.38929
25.9,0.663571,0.663571,1.41377,1.38719
25.92,0.663082,0.663082,1.41279,1.38507
25.94,0.662593,0.662593,1.4118,1.38293
25.96,0.662105,0.662105,1.41081,1.38077
25.98,0.661618,0.661618,1.40982,1.37859
26,0.661132,0.661132,1.40883,1.37639
26.02,0.660646,0.660646,1.40785,1.37417
26.04,0.660161,0.660161,1.40686,1.37193
26.06,0.659677,0.659677,1.40588,1.36967
26.08,0.659193,0.659193,1.4049,1.36739
26.1,0.65871,0.65871,1.40391,1.3651
26.12,0.658228,0.658228,1.40293,1.36278
26.14,0.657747,0.657747,1.40195,1.36045
26.16,0.657266,0.657266,1.40097,1.3581
26.18,0.656786,0.656786,1.39999,1.35573
26.2,0.656306,0.656306,1.39901,1.35334
26.22,0.655828,0.655828,1.39803,1.35094
26.24,0.65535,0.65535,1.39705,1.34851
26.26,0.654873,0.654873,1.39607,1.34607
26.28,0.654396,0.654396,1.3951,1.34361
26.3,0.65392,0.65392,1.39412,1.34114
26.32,0.653445,0.653445,1.39314,1.33865
26.34,0.65297,0.65297,1.39217,1.33614
26.36,0.652497,0.652497,1.39119,1.33361
26.38,0.652023,0.652023,1.39022,1.33107
26.4,0.651551,0.651551,1.38925,1.32851
26.42,0.651079,0.651079,1.38828,1.32594
26.44,0.650608,0.650608,1.3873,1.32335
26.46,0.650138,0.650138,1.38633,1.32074
26.48,0.649668,0.649668,1.38536,1.31812
26.5,0.649199,0.649199,1.38439,1.31548
26.52,0.648731,0.648731,1.38343,1.31283
26.54,0.648263,0.648263,1.38246,1.31016
26.56,0.647796,0.647796,1.38149,1.30747
26.58,0.64733,0.64733,1.38052,1.30477
26.6,0.646864,0.646864,1.37956,1.30206
26.62,0.646399,0.646399,1.37859,1.29933
26.64,0.645935,0.645935,1.37763,1.29659
26.66,0.645471,0.645471,1.37666,1.29383
26.68,0.645008,0.645008,1.3757,1.29106
26.7,0.644546,0.644546,1.37474,1.28827
26.72,0.644084,0.644084,1.37378,1.28547
26.74,0.643623,0.643623,1.37281,1.28266
26.76,0.643163,0.643163,1.37185,1.27983
26.78,0.642703,0.642703,1.37089,1.27699
26.8,0.642244,0.642244,1.36993,1.27414
26.82,0.641786,0.641786,1.36898,1.27127
26.84,0.641328,0.641328,1.36802,1.26839
26.86,0.640871,0.640871,1.36706,1.2655
26.88,0.640414,0.640414,1.3661,1.26259
26.9,0.639959,0.639959,1.36515,1.25968
26.92,0.639504,0.639504,1.36419,1.25674
26.94,0.639049,0.639049,1.36324,1.2538
26.96,0.638595,0.638595,1.36228,1.25085
26.98,0.638142,0.638142,1.36133,1.24788
27,0.637689,0.637689,1.36038,1.2449
27.02,0.637238,0.637238,1.35943,1.24191
27.04,0.636786,0.636786,1.35848,1.23891
27.06,0.636336,0.636336,1.35752,1.23589
27.08,0.635886,0.635886,1.35657,1.23287
27.1,0.635436,0.635436,1.35563,1.22983
27.12,0.634988,0.634988,1.35468,1.22678
27.14,0.63454,0.63454,1.35373,1.22372
27.16,0.634092,0.634092,1.35278,1.22065
27.18,0.633645,0.633645,1.35184,1.21757
27.2,0.633199,0.633199,1.35089,1.21448
27.22,0.632754,0.632754,1.34994,1.21138
27.24,0.632309,0.632309,1.349,1.20827
27.26,0.631864,0.631864,1.34806,1.20515
27.28,0.631421,0.631421,1.34711,1.20202
27.3,0.630978,0.630978,1.34617,1.19888
27.32,0.630535,0.630535,1.34523,1.19573
27.34,0.630093,0.630093,1.34429,1.19257
27.36,0.629652,0.629652,1.34335,1.1894
27.38,0.629212,0.629212,1.34241,1.18622
27.4,0.628772,0.628772,1.34147,1.18304
27.42,0.628332,0.628332,1.34053,1.17984
27.44,0.627893,0.627893,1.33959,1.17664
27.46,0.627455,0.627455,1.33865,1.17342
27.48,0.627018,0.627018,1.33772,1.1702
27.5,0.626581,0.626581,1.33678,1.16697
27.52,0.626145,0.626145,1.33584,1.16373
27.54,0.625709,0.625709,1.33491,1.16048
27.56,0.625274,0.625274,1.33397,1.15723
27.58,0.624839,0.624839,1.33304,1.15397
27.6,0.624405,0.624405,1.33211,1.1507
27.62,0.623972,0.623972,1.33118,1.14742
27.64,0.623539,0.623539,1.33024,1.14413
27.66,0.623107,0.623107,1.32931,1.14084
27.68,0.622676,0.622676,1.32838,1.13754
27.7,0.622245,0.622245,1.32745,1.13423
27.72,0.621815,0.621815,1.32653,1.13092
27.74,0.621385,0.621385,1.3256,1.12759
27.76,0.620956,0.620956,1.32467,1.12427
27.78,0.620527,0.620527,1.32374,1.12093
27.8,0.6201,0.6201,1.32282,1.11759
27.82,0.619672,0.619672,1.32189,1.11424
27.84,0.619245,0.619245,1.32097,1.11089
27.86,0.618819,0.618819,1.32004,1.10753
27.88,0.618394,0.618394,1.31912,1.10416
27.9,0.617969,0.617969,1.31819,1.10079
27.92,0.617544,0.617544,1.31727,1.09742
27.94,0.617121,0.617121,1.31635,1.09403
27.96,0.616697,0.616697,1.31543,1.09065
27.98,0.616275,0.616275,1.31451,1.08725
28,0.615853,0.615853,1.31359,1.08385
28.02,0.615431,0.615431,1.31267,1.08045
28.04,0.61501,0.61501,1.31175,1.07704
28.06,0.61459,0.61459,1.31083,1.07363
28.08,0.61417,0.61417,1.30992,1.07021
28.1,0.613751,0.613751,1.309,1.06679
28.12,0.613332,0.613332,1.30808,1.06336
28.14,0.612914,0.612914,1.30717,1.05993
28.16,0.612497,0.612497,1.30625,1.05649
28.18,0.61208,0.61208,1.30534,1.05305
28.2,0.611664,0.611664,1.30443,1.04961
28.22,0.611248,0.611248,1.30351,1.04616
28.24,0.610833,0.610833,1.3026,1.04271
28.26,0.610418,0.610418,1.30169,1.03925
28.28,0.610004,0.610004,1.30078,1.0358
28.3,0.60959,0.60959,1.29987,1.03233
28.32,0.609177,0.609177,1.29896,1.02887
28.34,0.608765,0.608765,1.29805,1.0254
28.36,0.608353,0.608353,1.29714,1.02193
28.38,0.607942,0.607942,1.29623,1.01846
28.4,0.607531,0.607531,1.29533,1.01498
28.42,0.607121,0.607121,1.29442,1.0115
28.44,0.606711,0.606711,1.29351,1.00802
28.46,0.606302,0.606302,1.29261,1.00453
28.48,0.605894,0.605894,1.2917,1.00104
28.5,0.605486,0.605486,1.2908,0.997555
28.52,0.605078,0.605078,1.2899,0.994064
28.54,0.604671,0.604671,1.289,0.990571
28.56,0.604265,0.604265,1.28809,0.987075
28.58,0.603859,0.603859,1.28719,0.983578
28.6,0.603454,0.603454,1.28629,0.98008
28.62,0.603049,0.603049,1.28539,0.976579
28.64,0.602645,0.602645,1.28449,0.973078
28.66,0.602241,0.602241,1.28359,0.969575
28.68,0.601838,0.601838,1.28269,0.96607
28.7,0.601436,0.601436,1.2818,0.962565
28.72,0.601034,0.601034,1.2809,0.959059
28.74,0.600632,0.600632,1.28,0.955552
28.76,0.600231,0.600231,1.27911,0.952044
28.78,0.599831,0.599831,1.27821,0.948535
28.8,0.599431,0.599431,1.27732,0.945026
28.82,0.599032,0.599032,1.27642,0.941517
28.84,0.598633,0.598633,1.27553,0.938007
28.86,0.598235,0.598235,1.27464,0.934497
28.88,0.597837,0.597837,1.27375,0.930986
28.9,0.59744,0.59744,1.27286,0.927476
28.92,0.597043,0.597043,1.27197,0.923966
28.94,0.596647,0.596647,1.27107,0.920456
28.96,0.596251,0.596251,1.27019,0.916947
28.98,0.595856,0.595856,1.2693,0.913437
29,0.595462,0.595462,1.26841,0.909929
29.02,0.595068,0.595068,1.26752,0.906421
29.04,0.594674,0.594674,1.26663,0.902913
29.06,0.594281,0.594281,1.26575,0.899407
29.08,0.593889,0.593889,1.26486,0.895901
29.1,0.593497,0.593497,1.26398,0.892397
29.12,0.593105,0.593105,1.26309,0.888894
29.14,0.592714,0.592714,1.26221,0.885392
29.16,0.592324,0.592324,1.26133,0.881891
29.18,0.591934,0.591934,1.26044,0.878392
29.2,0.591544,0.591544,1.25956,0.874894
29.22,0.591156,0.591156,1.25868,0.871398
29.24,0.590767,0.590767,1.2578,0.867903
29.26,0.590379,0.590379,1.25692,0.864411
29.28,0.589992,0.589992,1.25604,0.860921
29.3,0.589605,0.589605,1.25516,0.857432
29.32,0.589219,0.589219,1.25428,0.853946
29.34,0.588833,0.588833,1.2534,0.850462
29.36,0.588448,0.588448,1.25253,0.84698
29.38,0.588063,0.588063,1.25165,0.843501
29.4,0.587678,0.587678,1.25077,0.840025
29.42,0.587295,0.587295,1.2499,0.836551
29.44,0.586911,0.586911,1.24902,0.83308
29.46,0.586528,0.586528,1.24815,0.829611
29.48,0.586146,0.586146,1.24728,0.826146
29.5,0.585764,0.585764,1.2464,0.822683
29.52,0.585383,0.585383,1.24553,0.819224
29.54,0.585002,0.585002,1.24466,0.815768
29.56,0.584622,0.584622,1.24379,0.812316
29.58,0.584242,0.584242,1.24292,0.808866
29.6,0.583863,0.583863,1.24205,0.805421
29.62,0.583484,0.583484,1.24118,0.801979
29.64,0.583105,0.583105,1.24031,0.79854
29.66,0.582728,0.582728,1.23944,0.795106
29.68,0.58235,0.58235,1.23858,0.791675
29.7,0.581973,0.581973,1.23771,0.788249
29.72,0.581597,0.581597,1.23684,0.784826
29.74,0.581221,0.581221,1.23598,0.781408
29.76,0.580845,0.580845,1.23511,0.777994
29.78,0.58047,0.58047,1.23425,0.774584
29.8,0.580096,0.580096,1.23339,0.771179
29.82,0.579722,0.579722,1.23252,0.767778
29.84,0.579349,0.579349,1.23166,0.764382
29.86,0.578976,0.578976,1.2308,0.760991
29.88,0.578603,0.578603,1.22994,0.757604
29.9,0.578231,0.578231,1.22908,0.754222
29.92,0.577859,0.577859,1.22822,0.750846
29.94,0.577488,0.577488,1.22736,0.747474
29.96,0.577118,0.577118,1.2265,0.744108
29.98,0.576747,0.576747,1.22564,0.740747
30,0.576378,0.576378,1.22478,0.737391
30.02,0.576008,0.576008,1.22393,0.734041
30.04,0.57564,0.57564,1.22307,0.730696
30.06,0.575271,0.575271,1.22221,0.727357
30.08,0.574904,0.574904,1.22136,0.724023
30.1,0.574536,0.574536,1.2205,0.720696
30.12,0.57417,0.57417,1.21965,0.717374
30.14,0.573803,0.573803,1.2188,0.714058
30.16,0.573437,0.573437,1.21794,0.710749
30.18,0.573072,0.573072,1.21709,0.707445
30.2,0.572707,0.572707,1.21624,0.704148
30.22,0.572342,0.572342,1.21539,0.700857
30.24,0.571978,0.571978,1.21454,0.697572
30.26,0.571615,0.571615,1.21369,0.694294
30.28,0.571251,0.571251,1.21284,0.691022
30.3,0.570889,0.570889,1.21199,0.687757
30.32,0.570527,0.570527,1.21114,0.684499
30.34,0.570165,0.570165,1.21029,0.681247
30.36,0.569803,0.569803,1.20945,0.678003
30.38,0.569443,0.569443,1.2086,0.674765
30.4,0.569082,0.569082,1.20775,0.671535
30.42,0.568722,0.568722,1.20691,0.668311
30.44,0.568363,0.568363,1.20606,0.665095
30.46,0.568004,0.568004,1.20522,0.661886
30.48,0.567645,0.567645,1.20438,0.658685
30.5,0.567287,0.567287,1.20353,0.655491
30.52,0.56693,0.56693,1.20269,0.652304
30.54,0.566572,0.566572,1.20185,0.649125
30.56,0.566216,0.566216,1.20101,0.645954
30.58,0.565859,0.565859,1.20017,0.642791
30.6,0.565503,0.565503,1.19933,0.639635
30.62,0.565148,0.565148,1.19849,0.636488
30.64,0.564793,0.564793,1.19765,0.633348
30.66,0.564438,0.564438,1.19681,0.630217
30.68,0.564084,0.564084,1.19598,0.627094
30.7,0.563731,0.563731,1.19514,0.623978
30.72,0.563378,0.563378,1.1943,0.620872
30.74,0.563025,0.563025,1.19347,0.617774
30.76,0.562672,0.562672,1.19263,0.614684
30.78,0.562321,0.562321,1.1918,0.611602
30.8,0.561969,0.561969,1.19096,0.60853
30.82,0.561618,0.561618,1.19013,0.605466
30.84,0.561268,0.561268,1.1893,0.602411
30.86,0.560918,0.560918,1.18847,0.599365
30.88,0.560568,0.560568,1.18763,0.596327
30.9,0.560219,0.560219,1.1868,0.593299
30.92,0.55987,0.55987,1.18597,0.59028
30.94,0.559521,0.559521,1.18514,0.58727
30.96,0.559173,0.559173,1.18431,0.584269
30.98,0.558826,0.558826,1.18348,0.581277
31,0.558479,0.558479,1.18266,0.578295
31.02,0.558132,0.558132,1.18183,0.575322
31.04,0.557786,0.557786,1.181,0.572359
31.06,0.55744,0.55744,1.18018,0.569405
31.08,0.557095,0.557095,1.17935,0.566462
31.1,0.55675,0.55675,1.17852,0.563527
31.12,0.556405,0.556405,1.1777,0.560603
31.14,0.556061,0.556061,1.17688,0.557688
31.16,0.555718,0.555718,1.17605,0.554784
31.18,0.555375,0.555375,1.17523,0.551889
31.2,0.555032,0.555032,1.17441,0.549005
31.22,0.554689,0.554689,1.17358,0.546131
31.24,0.554347,0.554347,1.17276,0.543266
31.26,0.554006,0.554006,1.17194,0.540413
31.28,0.553665,0.553665,1.17112,0.537569
31.3,0.553324,0.553324,1.1703,0.534736
31.32,0.552984,0.552984,1.16948,0.531914
31.34,0.552644,0.552644,1.16867,0.529102
31.36,0.552304,0.552304,1.16785,0.526301
31.38,0.551965,0.551965,1.16703,0.52351
31.4,0.551627,0.551627,1.16621,0.52073
31.42,0.551289,0.551289,1.1654,0.517961
31.44,0.550951,0.550951,1.16458,0.515203
31.46,0.550613,0.550613,1.16377,0.512456
31.48,0.550277,0.550277,1.16295,0.50972
31.5,0.54994,0.54994,1.16214,0.506995
31.52,0.549604,0.549604,1.16133,0.504282
31.54,0.549268,0.549268,1.16051,0.501579
31.56,0.548933,0.548933,1.1597,0.498888
31.58,0.548598,0.548598,1.15889,0.496208
31.6,0.548263,0.548263,1.15808,0.49354
31.62,0.547929,0.547929,1.15727,0.490883
31.64,0.547596,0.547596,1.15646,0.488237
31.66,0.547262,0.547262,1.15565,0.485604
31.68,0.54693,0.54693,1.15484,0.482982
31.7,0.546597,0.546597,1.15403,0.480371
31.72,0.546265,0.546265,1.15323,0.477773
31.74,0.545933,0.545933,1.15242,0.475186
31.76,0.545602,0.545602,1.15161,0.472611
31.78,0.545271,0.545271,1.15081,0.470049
31.8,0.544941,0.544941,1.15,0.467498
31.82,0.544611,0.544611,1.1492,0.464959
31.84,0.544281,0.544281,1.14839,0.462433
31.86,0.543952,0.543952,1.14759,0.459919
31.88,0.543623,0.543623,1.14679,0.457417
31.9,0.543295,0.543295,1.14598,0.454927
31.92,0.542966,0.542966,1.14518,0.45245
31.94,0.542639,0.542639,1.14438,0.449986
31.96,0.542312,0.542312,1.14358,0.447534
31.98,0.541985,0.541985,1.14278,0.445094
32,0.541658,0.541658,1.14198,0.442668
32.02,0.541332,0.541332,1.14118,0.440253
32.04,0.541006,0.541006,1.14038,0.437852
32.06,0.540681,0.540681,1.13958,0.435464
32.08,0.540356,0.540356,1.13879,0.433088
32.1,0.540032,0.540032,1.13799,0.430725
32.12,0.539708,0.539708,1.13719,0.428376
32.14,0.539384,0.539384,1.1364,0.426039
32.16,0.53906,0.53906,1.1356,0.423716
32.18,0.538737,0.538737,1.13481,0.421405
32.2,0.538415,0.538415,1.13401,0.419108
32.22,0.538093,0.538093,1.13322,0.416824
32.24,0.537771,0.537771,1.13243,0.414554
32.26,0.537449,0.537449,1.13163,0.412297
32.28,0.537128,0.537128,1.13084,0.410053
32.3,0.536808,0.536808,1.13005,0.407823
32.32,0.536488,0.536488,1.12926,0.405607
32.34,0.536168,0.536168,1.12847,0.403404
32.36,0.535848,0.535848,1.12768,0.401214
32.38,0.535529,0.535529,1.12689,0.399039
32.4,0.53521,0.53521,1.1261,0.396877
32.42,0.534892,0.534892,1.12531,0.394729
32.44,0.534574,0.534574,1.12453,0.392595
32.46,0.534256,0.534256,1.12374,0.390475
32.48,0.533939,0.533939,1.12295,0.388368
32.5,0.533622,0.533622,1.12217,0.386276
32.52,0.533306,0.533306,1.12138,0.384198
32.54,0.53299,0.53299,1.1206,0.382134
32.56,0.532674,0.532674,1.11981,0.380085
32.58,0.532358,0.532358,1.11903,0.378049
32.6,0.532043,0.532043,1.11825,0.376028
32.62,0.531729,0.531729,1.11747,0.374021
32.64,0.531415,0.531415,1.11668,0.372029
32.66,0.531101,0.531101,1.1159,0.370051
32.68,0.530787,0.530787,1.11512,0.368087
32.7,0.530474,0.530474,1.11434,0.366138
32.72,0.530161,0.530161,1.11356,0.364204
32.74,0.529849,0.529849,1.11278,0.362284
32.76,0.529537,0.529537,1.112,0.360379
32.78,0.529225,0.529225,1.11122,0.358488
32.8,0.528914,0.528914,1.11045,0.356613
32.82,0.528603,0.528603,1.10967,0.354752
32.84,0.528292,0.528292,1.10889,0.352906
32.86,0.527982,0.527982,1.10812,0.351075
32.88,0.527672,0.527672,1.10734,0.349259
32.9,0.527363,0.527363,1.10657,0.347459
32.92,0.527054,0.527054,1.10579,0.345673
32.94,0.526745,0.526745,1.10502,0.343902
32.96,0.526437,0.526437,1.10425,0.342146
32.98,0.526129,0.526129,1.10347,0.340406
33,0.525821,0.525821,1.1027,0.338681
33.02,0.525514,0.525514,1.10193,0.336971
33.04,0.525207,0.525207,1.10116,0.335277
33.06,0.5249,0.5249,1.10039,0.333598
33.08,0.524594,0.524594,1.09962,0.331934
33.1,0.524288,0.524288,1.09885,0.330286
33.12,0.523983,0.523983,1.09808,0.328653
33.14,0.523677,0.523677,1.09731,0.327036
33.16,0.523373,0.523373,1.09654,0.325435
33.18,0.523068,0.523068,1.09578,0.323849
33.2,0.522764,0.522764,1.09501,0.322279
33.22,0.52246,0.52246,1.09424,0.320724
33.24,0.522157,0.522157,1.09348,0.319186
33.26,0.521854,0.521854,1.09271,0.317663
33.28,0.521551,0.521551,1.09195,0.316156
33.3,0.521249,0.521249,1.09118,0.314665
33.32,0.520947,0.520947,1.09042,0.31319
33.34,0.520645,0.520645,1.08966,0.311731
33.36,0.520344,0.520344,1.08889,0.310288
33.38,0.520043,0.520043,1.08813,0.308861
33.4,0.519742,0.519742,1.08737,0.30745
33.42,0.519442,0.519442,1.08661,0.306056
33.44,0.519142,0.519142,1.08585,0.304677
33.46,0.518843,0.518843,1.08509,0.303315
33.48,0.518544,0.518544,1.08433,0.301969
33.5,0.518245,0.518245,1.08357,0.300639
33.52,0.517946,0.517946,1.08281,0.299326
33.54,0.517648,0.517648,1.08206,0.298029
33.56,0.51735,0.51735,1.0813,0.296749
33.58,0.517053,0.517053,1.08054,0.295485
33.6,0.516756,0.516756,1.07979,0.294238
33.62,0.516459,0.516459,1.07903,0.293007
33.64,0.516162,0.516162,1.07828,0.291792
33.66,0.515866,0.515866,1.07752,0.290595
33.68,0.51557,0.51557,1.07677,0.289414
33.7,0.515275,0.515275,1.07601,0.288249
33.72,0.51498,0.51498,1.07526,0.287102
33.74,0.514685,0.514685,1.07451,0.285971
33.76,0.514391,0.514391,1.07376,0.284857
33.78,0.514097,0.514097,1.073,0.28376
33.8,0.513803,0.513803,1.07225,0.28268
33.82,0.513509,0.513509,1.0715,0.281616
33.84,0.513216,0.513216,1.07075,0.28057
33.86,0.512924,0.512924,1.07,0.279541
33.88,0.512631,0.512631,1.06926,0.278528
33.9,0.512339,0.512339,1.06851,0.277533
33.92,0.512047,0.512047,1.06776,0.276555
33.94,0.511756,0.511756,1.06701,0.275594
33.96,0.511465,0.511465,1.06627,0.27465
33.98,0.511174,0.511174,1.06552,0.273723
34,0.510884,0.510884,1.06477,0.272814
34.02,0.510594,0.510594,1.06403,0.271921
34.04,0.510304,0.510304,1.06328,0.271047
34.06,0.510014,0.510014,1.06254,0.270189
34.08,0.509725,0.509725,1.0618,0.269349
34.1,0.509436,0.509436,1.06105,0.268526
34.12,0.509148,0.509148,1.06031,0.267721
34.14,0.50886,0.50886,1.05957,0.266933
34.16,0.508572,0.508572,1.05883,0.266162
34.18,0.508285,0.508285,1.05809,0.26541
34.2,0.507997,0.507997,1.05735,0.264674
34.22,0.507711,0.507711,1.05661,0.263957
34.24,0.507424,0.507424,1.05587,0.263257
34.26,0.507138,0.507138,1.05513,0.262574
34.28,0.506852,0.506852,1.05439,0.261909
34.3,0.506567,0.506567,1.05365,0.261262
34.32,0.506281,0.506281,1.05292,0.260633
34.34,0.505996,0.505996,1.05218,0.260022
34.36,0.505712,0.505712,1.05144,0.259428
34.38,0.505428,0.505428,1.05071,0.258852
34.4,0.505144,0.505144,1.04997,0.258294
34.42,0.50486,0.50486,1.04924,0.257754
34.44,0.504577,0.504577,1.0485,0.257232
34.46,0.504294,0.504294,1.04777,0.256728
34.48,0.504011,0.504011,1.04704,0.256241
34.5,0.503729,0.503729,1.0463,0.255773
34.52,0.503447,0.503447,1.04557,0.255323
34.54,0.503165,0.503165,1.04484,0.254891
34.56,0.502884,0.502884,1.04411,0.254477
34.58,0.502603,0.502603,1.04338,0.254081
34.6,0.502322,0.502322,1.04265,0.253703
34.62,0.502041,0.502041,1.04192,0.253344
34.64,0.501761,0.501761,1.04119,0.253002
34.66,0.501481,0.501481,1.04046,0.252679
34.68,0.501202,0.501202,1.03973,0.252374
34.7,0.500923,0.500923,1.039,0.252088
34.72,0.500644,0.500644,1.03828,0.251819
34.74,0.500365,0.500365,1.03755,0.251569
34.76,0.500087,0.500087,1.03682,0.251338
34.78,0.499809,0.499809,1.0361,0.251125
34.8,0.499531,0.499531,1.03537,0.25093
34.82,0.499254,0.499254,1.03465,0.250754
34.84,0.498977,0.498977,1.03393,0.250596
34.86,0.4987,0.4987,1.0332,0.250456
34.88,0.498424,0.498424,1.03248,0.250335
34.9,0.498148,0.498148,1.03176,0.250233
34.92,0.497872,0.497872,1.03103,0.250149
34.94,0.497596,0.497596,1.03031,0.250084
34.96,0.497321,0.497321,1.02959,0.250037
34.98,0.497046,0.497046,1.02887,0.250009
35,0.496771,0.496771,1.02815,0.25
35.02,0.496497,0.496497,1.02743,0.25
35.04,0.496223,0.496223,1.02671,0.25
35.06,0.495949,0.495949,1.026,0.25
35.08,0.495676,0.495676,1.02528,0.25
35.1,0.495403,0.495403,1.02456,0.25
35.12,0.49513,0.49513,1.02384,0.25
35.14,0.494858,0.494858,1.02313,0.25
35.16,0.494586,0.494586,1.02241,0.25
35.18,0.494314,0.494314,1.02169,0.25
35.2,0.494042,0.494042,1.02098,0.25
35.22,0.493771,0.493771,1.02027,0.25
35.24,0.4935,0.4935,1.01955,0.25
35.26,0.493229,0.493229,1.01884,0.25
35.28,0.492959,0.492959,1.01813,0.25
35.3,0.492689,0.492689,1.01741,0.25
35.32,0.492419,0.492419,1.0167,0.25
35.34,0.492149,0.492149,1.01599,0.25
35.36,0.49188,0.49188,1.01528,0.25
35.38,0.491611,0.491611,1.01457,0.25
35.4,0.491343,0.491343,1.01386,0.25
35.42,0.491074,0.491074,1.01315,0.25
35.44,0.490806,0.490806,1.01244,0.25
35.46,0.490538,0.490538,1.01173,0.25
35.48,0.490271,0.490271,1.01102,0.25
35.5,0.490004,0.490004,1.01032,0.25
35.52,0.489737,0.489737,1.00961,0.25
35.54,0.48947,0.48947,1.0089,0.25
35.56,0.489204,0.489204,1.0082,0.25
35.58,0.488938,0.488938,1.00749,0.25
35.6,0.488672,0.488672,1.00679,0.25
35.62,0.488407,0.488407,1.00608,0.25
35.64,0.488142,0.488142,1.00538,0.25
35.66,0.487877,0.487877,1.00467,0.25
35.68,0.487612,0.487612,1.00397,0.25
35.7,0.487348,0.487348,1.00327,0.25
35.72,0.487084,0.487084,1.00257,0.25
35.74,0.48682,0.48682,1.00186,0.25
35.76,0.486557,0.486557,1.00116,0.25
35.78,0.486294,0.486294,1.00046,0.25
35.8,0.486031,0.486031,0.999763,0.25
35.82,0.485768,0.485768,0.999063,0.25
35.84,0.485506,0.485506,0.998364,0.25
35.86,0.485244,0.485244,0.997666,0.25
35.88,0.484982,0.484982,0.996968,0.25
35.9,0.484721,0.484721,0.99627,0.25
35.92,0.48446,0.48446,0.995573,0.25
35.94,0.484199,0.484199,0.994876,0.25
35.96,0.483938,0.483938,0.99418,0.25
35.98,0.483678,0.483678,0.993484,0.25
36,0.483418,0.483418,0.992789,0.25
36.02,0.483158,0.483158,0.992094,0.25
36.04,0.482899,0.482899,0.9914,0.25
36.06,0.48264,0.48264,0.990706,0.25
36.08,0.482381,0.482381,0.990013,0.25
36.1,0.482122,0.482122,0.98932,0.25
36.12,0.481864,0.481864,0.988628,0.25
36.14,0.481606,0.481606,0.987936,0.25
36.16,0.481348,0.481348,0.987245,0.25
36.18,0.48109,0.48109,0.986554,0.25
36.2,0.480833,0.480833,0.985864,0.25
36.22,0.480576,0.480576,0.985174,0.25
36.24,0.480319,0.480319,0.984485,0.25
36.26,0.480063,0.480063,0.983796,0.25
36.28,0.479807,0.479807,0.983107,0.25
36.3,0.479551,0.479551,0.982419,0.25
36.32,0.479295,0.479295,0.981732,0.25
36.34,0.47904,0.47904,0.981045,0.25
36.36,0.478785,0.478785,0.980358,0.25
36.38,0.47853,0.47853,0.979672,0.25
36.4,0.478275,0.478275,0.978987,0.25
36.42,0.478021,0.478021,0.978302,0.25
36.44,0.477767,0.477767,0.977617,0.25
36.46,0.477513,0.477513,0.976933,0.25
36.48,0.47726,0.47726,0.97625,0.25
36.5,0.477007,0.477007,0.975566,0.25
36.52,0.476754,0.476754,0.974884,0.25
36.54,0.476501,0.476501,0.974202,0.25
36.56,0.476249,0.476249,0.97352,0.25
36.58,0.475997,0.475997,0.972839,0.25
36.6,0.475745,0.475745,0.972158,0.25
36.62,0.475493,0.475493,0.971478,0.25
36.64,0.475242,0.475242,0.970798,0.25
36.66,0.474991,0.474991,0.970119,0.25
36.68,0.47474,0.47474,0.96944,0.25
36.7,0.47449,0.47449,0.968761,0.25
36.72,0.474239,0.474239,0.968083,0.25
36.74,0.473989,0.473989,0.967406,0.25
36.76,0.47374,0.47374,0.966729,0.25
36.78,0.47349,0.47349,0.966053,0.25
36.8,0.473241,0.473241,0.965377,0.25
36.82,0.472992,0.472992,0.964701,0.25
36.84,0.472743,0.472743,0.964026,0.25
36.86,0.472495,0.472495,0.963351,0.25
36.88,0.472247,0.472247,0.962677,0.25
36.9,0.471999,0.471999,0.962004,0.25
36.92,0.471751,0.471751,0.96133,0.25
36.94,0.471504,0.471504,0.960658,0.25
36.96,0.471257,0.471257,0.959986,0.25
36.98,0.47101,0.47101,0.959314,0.25
37,0.470763,0.470763,0.958643,0.25
37.02,0.470517,0.470517,0.957972,0.25
37.04,0.470271,0.470271,0.957301,0.25
37.06,0.470025,0.470025,0.956631,0.25
37.08,0.46978,0.46978,0.955962,0.25
37.1,0.469534,0.469534,0.955293,0.25
37.12,0.469289,0.469289,0.954625,0.25
37.14,0.469045,0.469045,0.953957,0.25
37.16,0.4688,0.4688,0.953289,0.25
37.18,0.468556,0.468556,0.952622,0.25
37.2,0.468312,0.468312,0.951955,0.25
37.22,0.468068,0.468068,0.951289,0.25
37.24,0.467824,0.467824,0.950624,0.25
37.26,0.467581,0.467581,0.949958,0.25
37.28,0.467338,0.467338,0.949294,0.25
37.3,0.467095,0.467095,0.948629,0.25
37.32,0.466853,0.466853,0.947966,0.25
37.34,0.466611,0.466611,0.947302,0.25
37.36,0.466369,0.466369,0.946639,0.25
37.38,0.466127,0.466127,0.945977,0.25
37.4,0.465885,0.465885,0.945315,0.25
37.42,0.465644,0.465644,0.944654,0.25
37.44,0.465403,0.465403,0.943993,0.25
37.46,0.465162,0.465162,0.943332,0.25
37.48,0.464922,0.464922,0.942672,0.25
37.5,0.464681,0.464681,0.942012,0.25
37.52,0.464441,0.464441,0.941353,0.25
37.54,0.464202,0.464202,0.940694,0.25
37.56,0.463962,0.463962,0.940036,0.25
37.58,0.463723,0.463723,0.939378,0.25
37.6,0.463484,0.463484,0.938721,0.25
37.62,0.463245,0.463245,0.938064,0.25
37.64,0.463007,0.463007,0.937408,0.25
37.66,0.462768,0.462768,0.936752,0.25
37.68,0.46253,0.46253,0.936096,0.25
37.7,0.462292,0.462292,0.935441,0.25
37.72,0.462055,0.462055,0.934787,0.25
37.74,0.461818,0.461818,0.934132,0.25
37.76,0.461581,0.461581,0.933479,0.25
37.78,0.461344,0.461344,0.932826,0.25
37.8,0.461107,0.461107,0.932173,0.25
37.82,0.460871,0.460871,0.931521,0.25
37.84,0.460635,0.460635,0.930869,0.25
37.86,0.460399,0.460399,0.930217,0.25
37.88,0.460163,0.460163,0.929566,0.25
37.9,0.459928,0.459928,0.928916,0.25
37.92,0.459693,0.459693,0.928266,0.25
37.94,0.459458,0.459458,0.927616,0.25
37.96,0.459223,0.459223,0.926967,0.25
37.98,0.458989,0.458989,0.926319,0.25
38,0.458755,0.458755,0.92567,0.25
38.02,0.458521,0.458521,0.925023,0.25
38.04,0.458287,0.458287,0.924375,0.25
38.06,0.458054,0.458054,0.923729,0.25
38.08,0.45782,0.45782,0.923082,0.25
38.1,0.457587,0.457587,0.922436,0.25
38.12,0.457355,0.457355,0.921791,0.25
38.14,0.457122,0.457122,0.921146,0.25
38.16,0.45689,0.45689,0.920501,0.25
38.18,0.456658,0.456658,0.919857,0.25
38.2,0.456426,0.456426,0.919213,0.25
38.22,0.456194,0.456194,0.91857,0.25
38.24,0.455963,0.455963,0.917927,0.25
38.26,0.455732,0.455732,0.917285,0.25
38.28,0.455501,0.455501,0.916643,0.25
38.3,0.455271,0.455271,0.916002,0.25
38.32,0.45504,0.45504,0.915361,0.25
38.34,0.45481,0.45481,0.91472,0.25
38.36,0.45458,0.45458,0.91408,0.25
38.38,0.45435,0.45435,0.913441,0.25
38.4,0.454121,0.454121,0.912801,0.25
38.42,0.453892,0.453892,0.912163,0.25
38.44,0.453663,0.453663,0.911524,0.25
38.46,0.453434,0.453434,0.910886,0.25
38.48,0.453205,0.453205,0.910249,0.25
38.5,0.452977,0.452977,0.909612,0.25
38.52,0.452749,0.452749,0.908976,0.25
38.54,0.452521,0.452521,0.90834,0.25
38.56,0.452294,0.452294,0.907704,0.25
38.58,0.452066,0.452066,0.907069,0.25
38.6,0.451839,0.451839,0.906434,0.25
38.62,0.451612,0.451612,0.9058,0.25
38.64,0.451385,0.451385,0.905166,0.25
38.66,0.451159,0.451159,0.904533,0.25
38.68,0.450933,0.450933,0.9039,0.25
38.7,0.450707,0.450707,0.903267,0.25
38.72,0.450481,0.450481,0.902635,0.25
38.74,0.450255,0.450255,0.902003,0.25
38.76,0.45003,0.45003,0.901372,0.25
38.78,0.449805,0.449805,0.900741,0.25
38.8,0.44958,0.44958,0.900111,0.25
38.82,0.449355,0.449355,0.899481,0.25
38.84,0.449131,0.449131,0.898852,0.25
38.86,0.448906,0.448906,0.898223,0.25
38.88,0.448682,0.448682,0.897594,0.25
38.9,0.448459,0.448459,0.896966,0.25
38.92,0.448235,0.448235,0.896339,0.25
38.94,0.448012,0.448012,0.895711,0.25
38.96,0.447789,0.447789,0.895085,0.25
38.98,0.447566,0.447566,0.894458,0.25
39,0.447343,0.447343,0.893832,0.25
39.02,0.447121,0.447121,0.893207,0.25
39.04,0.446899,0.446899,0.892582,0.25
39.06,0.446677,0.446677,0.891957,0.25
39.08,0.446455,0.446455,0.891333,0.25
39.1,0.446233,0.446233,0.890709,0.25
39.12,0.446012,0.446012,0.890086,0.25
39.14,0.445791,0.445791,0.889463,0.25
39.16,0.44557,0.44557,0.888841,0.25
39.18,0.445349,0.445349,0.888219,0.25
39.2,0.445129,0.445129,0.887597,0.25
39.22,0.444908,0.444908,0.886976,0.25
39.24,0.444688,0.444688,0.886356,0.25
39.26,0.444469,0.444469,0.885735,0.25
39.28,0.444249,0.444249,0.885116,0.25
39.3,0.44403,0.44403,0.884496,0.25
39.32,0.44381,0.44381,0.883877,0.25
39.34,0.443592,0.443592,0.883259,0.25
39.36,0.443373,0.443373,0.882641,0.25
39.38,0.443154,0.443154,0.882023,0.25
39.4,0.442936,0.442936,0.881406,0.25
39.42,0.442718,0.442718,0.880789,0.25
39.44,0.4425,0.4425,0.880173,0.25
39.46,0.442282,0.442282,0.879557,0.25
39.48,0.442065,0.442065,0.878941,0.25
39.5,0.441848,0.441848,0.878326,0.25
39.52,0.441631,0.441631,0.877712,0.25
39.54,0.441414,0.441414,0.877098,0.25
39.56,0.441197,0.441197,0.876484,0.25
39.58,0.440981,0.440981,0.87587,0.25
39.6,0.440765,0.440765,0.875258,0.25
39.62,0.440549,0.440549,0.874645,0.25
39.64,0.440333,0.440333,0.874033,0.25
39.66,0.440118,0.440118,0.873421,0.25
39.68,0.439902,0.439902,0.87281,0.25
39.7,0.439687,0.439687,0.8722,0.25
39.72,0.439472,0.439472,0.871589,0.25
39.74,0.439258,0.439258,0.870979,0.25
39.76,0.439043,0.439043,0.87037,0.25
39.78,0.438829,0.438829,0.869761,0.25
39.8,0.438615,0.438615,0.869152,0.25
39.82,0.438401,0.438401,0.868544,0.25
39.84,0.438187,0.438187,0.867936,0.25
39.86,0.437974,0.437974,0.867329,0.25
39.88,0.437761,0.437761,0.866722,0.25
39.9,0.437548,0.437548,0.866115,0.25
39.92,0.437335,0.437335,0.865509,0.25
39.94,0.437122,0.437122,0.864904,0.25
39.96,0.43691,0.43691,0.864299,0.25
39.98,0.436698,0.436698,0.863694,0.25
40,0.436486,0.436486,0.863089,0.25
